Age,Attrition,BusinessTravel,DailyRate,Department,DistanceFromHome,Education,EducationField,EmployeeNumber,EnvironmentSatisfaction,Gender,HourlyRate,JobInvolvement,JobLevel,JobRole,JobSatisfaction,MaritalStatus,MonthlyIncome,MonthlyRate,NumCompaniesWorked,OverTime,PercentSalaryHike,PerformanceRating,RelationshipSatisfaction,StockOptionLevel,TotalWorkingYears,TrainingTimesLastYear,WorkLifeBalance,YearsAtCompany,YearsInCurrentRole,YearsSinceLastPromotion,YearsWithCurrManager,ExperienceLevel,SalaryCategory,AgeGroup
37,1,2,1373,1,2,2,4,4,4,1,92,2,1,2,3,2,2090,2396,6,1,15,3,2,0,7,3,3,0,0,0,0,1,1,2
33,0,1,1392,1,3,4,1,5,4,0,56,3,1,6,3,1,2909,23159,1,1,11,3,3,0,8,3,3,8,7,3,0,3,1,1
32,0,1,1005,1,2,2,1,8,4,1,79,3,1,2,4,2,3068,11864,0,0,13,3,3,0,8,2,2,7,7,3,6,3,1,1
29,0,2,153,1,15,2,1,15,4,0,49,2,2,2,3,2,4193,12682,0,1,12,3,4,0,10,3,3,9,5,0,8,3,2,1
31,0,2,670,1,26,1,1,16,1,1,31,3,1,6,3,0,2911,15170,1,0,17,3,4,1,5,1,2,5,2,4,3,2,1,1
34,0,2,1346,1,19,2,3,18,2,1,93,3,1,2,4,0,2661,8758,0,0,11,3,3,1,3,2,3,2,2,1,2,1,1,1
28,1,2,103,1,24,3,1,19,3,1,50,2,1,2,3,2,2028,12947,5,1,14,3,2,0,6,4,3,4,2,0,3,2,1,1
22,0,0,1123,1,16,2,3,22,4,1,96,4,1,2,4,0,2935,7324,1,1,13,3,2,2,1,2,2,1,0,0,0,1,1,0
38,0,2,371,1,2,3,1,24,4,1,45,3,1,6,4,2,3944,4306,5,1,11,3,3,0,6,3,3,3,2,1,2,2,2,2
34,0,2,419,1,7,4,1,28,1,0,53,3,3,5,2,2,11994,21293,0,0,11,3,3,0,13,4,3,12,6,2,11,0,0,1
34,1,2,699,1,6,1,3,31,2,1,83,3,1,6,1,2,2960,17102,2,0,11,3,3,0,8,2,3,4,2,1,3,2,1,1
42,0,2,691,2,8,4,2,35,3,1,48,3,2,7,2,1,6825,21173,0,0,11,3,4,1,10,2,3,9,7,4,2,3,0,2
33,0,2,924,1,2,3,3,39,3,1,78,3,1,2,4,2,2496,6670,4,0,11,3,4,0,7,3,3,1,1,0,0,1,1,1
24,1,2,813,1,1,3,3,45,2,1,61,3,1,6,4,1,2293,3020,2,1,16,3,1,1,6,2,2,2,0,2,0,1,1,0
43,0,2,1273,1,2,2,3,46,4,0,72,4,1,6,3,0,2645,21923,1,0,12,3,4,2,6,3,2,5,3,1,4,2,1,2
50,1,2,869,2,3,2,2,47,1,1,86,2,1,8,3,1,2683,3810,1,1,14,3,3,0,3,2,3,3,2,0,2,2,1,3
35,0,2,890,2,2,3,2,49,4,0,97,3,1,8,4,1,2014,9687,1,0,13,3,1,0,2,3,3,2,2,2,2,1,1,1
33,0,1,1141,2,1,3,1,52,3,0,42,4,2,7,1,1,5376,3193,2,0,19,3,1,2,10,3,3,5,3,1,3,2,2,1
35,0,2,464,1,4,2,4,53,3,1,75,3,1,2,4,0,1951,10910,1,0,12,3,3,1,1,3,3,1,0,0,0,1,1,1
26,1,2,1357,1,25,3,1,55,1,1,48,1,1,2,3,2,2293,10558,1,0,12,3,3,0,1,2,2,1,0,0,1,1,1,1
35,0,2,1229,1,8,1,1,63,4,1,36,4,1,2,4,1,2269,4892,1,0,19,3,4,0,1,2,3,1,0,0,1,1,1,1
28,1,2,1434,1,5,4,5,65,3,1,50,3,1,2,3,2,3441,11179,1,1,13,3,3,0,2,3,2,2,2,2,2,1,1,1
35,0,0,1097,1,11,2,3,70,3,1,79,2,3,0,1,1,9884,8302,2,1,13,3,3,1,10,3,3,4,0,2,3,2,0,1
26,0,2,1443,2,23,3,2,72,3,0,47,2,2,7,4,1,4157,21436,7,1,19,3,3,1,5,2,2,2,2,0,0,1,2,1
35,0,2,1142,1,23,4,3,75,3,0,30,3,1,2,1,1,4014,16002,3,1,15,3,3,1,4,3,3,2,2,2,2,1,2,1
37,0,2,1115,1,1,4,1,77,1,1,51,2,2,4,3,0,5993,2689,1,0,18,3,3,1,7,2,4,7,5,0,7,3,2,2
36,0,1,1195,1,11,3,1,85,2,1,95,2,2,4,2,2,6499,22656,1,0,13,3,3,0,6,3,3,6,5,0,3,3,2,2
35,0,1,664,1,1,3,3,88,2,1,79,3,1,6,1,1,2194,5868,4,0,13,3,4,1,5,2,2,3,2,1,2,2,1,1
59,0,1,1225,2,1,1,1,91,1,0,57,2,2,7,3,2,5473,24668,7,0,11,3,4,0,20,2,2,4,3,1,3,2,2,3
31,0,2,1082,1,1,4,3,95,3,1,87,3,1,6,2,2,2501,18775,1,0,17,3,2,0,1,4,3,1,1,1,0,1,1,1
32,0,2,548,1,1,3,1,96,2,1,66,3,2,6,2,1,6220,7346,1,0,17,3,2,2,10,3,3,10,4,0,9,3,2,1
36,0,2,132,1,6,3,1,97,2,0,55,4,1,2,4,1,3038,22002,3,0,12,3,2,0,5,3,3,1,0,0,0,1,1,2
35,0,2,776,2,1,4,2,100,3,1,32,2,2,7,1,2,4312,23016,0,0,14,3,2,0,16,2,3,15,13,2,8,0,2,1
45,0,2,193,1,6,4,4,101,4,1,52,3,3,5,1,1,13245,15067,4,1,14,3,2,0,17,3,4,0,0,0,0,1,0,2
37,0,2,397,1,7,4,3,102,1,1,30,3,3,5,3,2,13664,25258,4,0,13,3,1,0,16,3,4,5,2,0,2,2,0,2
30,0,2,852,1,1,1,1,104,4,1,55,2,2,2,4,1,5126,15998,1,1,12,3,3,2,10,1,2,10,8,3,0,3,2,1
35,0,2,1214,1,1,3,3,105,2,1,30,2,1,6,3,2,2859,26278,1,0,18,3,1,0,6,3,3,6,4,0,4,3,1,1
34,0,2,1153,1,1,2,3,110,1,1,94,3,2,4,2,1,4325,17736,1,0,15,3,3,0,5,2,3,5,2,1,3,2,2,1
23,0,2,541,2,2,1,5,113,3,1,62,3,1,8,1,0,2322,9518,3,0,13,3,3,1,3,3,3,0,0,0,0,1,1,0
46,1,2,669,2,9,2,3,118,3,1,64,2,3,7,4,2,9619,13596,1,0,16,3,4,0,9,3,3,9,8,4,7,3,0,3
28,0,0,120,2,4,3,3,129,2,1,43,3,2,7,3,1,4221,8863,1,0,15,3,2,0,5,3,4,5,4,0,4,2,2,1
44,0,0,489,1,23,3,3,132,2,1,67,3,2,2,2,1,2042,25043,4,0,12,3,3,1,17,3,4,3,2,1,2,2,1,2
32,0,2,827,1,1,1,1,134,4,1,71,3,1,6,1,2,2956,15178,1,0,13,3,4,0,1,2,3,1,0,0,0,1,1,1
34,0,2,665,1,6,4,4,138,1,0,41,3,2,6,3,2,4809,12482,1,0,14,3,3,0,16,3,3,16,13,2,10,0,2,1
37,0,0,1040,1,2,2,1,139,3,1,100,2,2,0,4,0,5163,15850,5,0,14,3,4,1,17,2,4,1,0,0,0,1,2,2
25,1,2,240,2,5,3,2,142,3,1,46,2,2,7,3,2,5744,26959,1,1,11,3,4,0,6,1,3,6,4,0,3,3,2,0
25,0,2,1280,1,7,1,3,143,4,1,64,2,1,6,4,1,2889,26897,1,0,11,3,3,2,2,2,3,2,2,2,1,1,1,0
24,0,2,1127,1,18,1,1,150,2,1,52,3,1,2,3,1,2774,13257,0,0,12,3,3,1,6,2,3,5,3,1,2,2,1,0
34,0,2,1031,1,6,4,1,151,3,0,45,2,2,6,2,0,4505,15000,6,0,15,3,3,1,12,3,3,1,0,0,0,1,2,1
37,0,2,1189,2,3,3,1,152,3,1,87,3,3,7,4,2,7428,14506,2,0,12,3,1,0,12,3,3,5,3,1,3,2,0,2
33,0,0,750,2,22,2,2,160,3,1,95,3,2,7,2,1,6146,15480,0,0,13,3,1,1,8,2,4,7,7,0,7,3,2,1
26,0,2,841,1,6,3,4,164,3,0,46,2,1,6,2,1,2368,23300,1,0,19,3,3,0,5,3,2,5,4,4,3,2,1,1
19,1,2,528,2,22,1,2,167,4,1,50,3,1,8,3,2,1675,26820,1,1,19,3,4,0,0,2,2,0,0,0,0,1,1,0
22,0,2,594,1,2,1,5,169,3,1,100,3,1,2,4,1,2523,19299,0,0,14,3,3,1,3,2,3,2,1,2,1,1,1,0
49,0,2,470,1,20,4,3,170,3,0,96,3,2,4,1,1,6567,5549,1,0,14,3,3,0,16,2,2,15,11,5,11,0,0,3
43,0,1,957,1,28,3,3,171,2,0,72,4,1,6,3,2,4739,16090,4,0,12,3,4,0,18,2,3,3,2,1,2,2,2,2
50,0,1,809,2,12,3,2,174,3,0,77,3,3,7,4,2,9208,6645,4,0,11,3,4,0,16,3,3,2,2,2,1,1,0,3
31,1,2,542,2,20,3,1,175,2,0,71,1,2,7,3,1,4559,24788,3,1,11,3,3,1,4,2,3,2,2,2,2,1,2,1
41,0,2,802,2,9,1,1,176,3,1,96,3,3,7,3,0,8189,21196,3,1,13,3,3,1,12,2,3,9,7,0,7,3,0,2
51,1,1,1150,1,8,4,1,179,1,1,53,1,3,4,4,2,10650,25150,2,0,15,3,4,0,18,2,3,4,2,0,3,2,0,3
39,0,2,1329,2,4,4,1,182,4,0,47,2,2,7,3,1,5902,14590,4,0,14,3,3,1,17,1,4,15,11,5,9,0,2,2
25,0,2,959,2,28,3,1,183,1,1,41,2,2,7,3,1,8639,24835,2,0,18,3,4,0,6,3,3,2,2,2,2,1,0,0
30,0,2,1240,0,9,3,0,184,3,1,48,3,2,1,4,1,6347,13982,0,1,19,3,4,0,12,2,1,11,9,4,7,0,2,1
45,0,2,1316,1,29,3,3,192,3,1,83,3,1,6,4,2,3452,9752,5,0,13,3,2,0,9,2,2,6,5,0,3,3,1,2
30,0,2,438,1,18,3,1,194,1,0,75,3,1,6,3,2,2632,23910,1,0,14,3,3,0,5,4,2,5,4,0,4,2,1,1
30,0,2,201,1,5,3,5,197,4,0,84,3,1,6,1,0,3204,10415,5,0,14,3,4,1,8,3,3,3,2,2,2,2,1,1
30,0,2,1427,1,2,1,3,198,2,1,35,2,1,2,4,2,2720,11162,0,0,13,3,4,0,6,3,3,5,3,1,2,2,1,1
19,0,2,1181,1,3,1,3,201,2,0,79,3,1,2,2,2,1483,16102,1,0,14,3,4,0,1,3,3,1,0,0,0,1,1,0
35,0,2,662,2,1,5,2,204,3,1,94,3,3,7,2,1,7295,11439,1,0,13,3,1,2,10,3,3,10,8,0,6,3,0,1
32,0,1,967,2,8,3,2,207,2,0,43,3,3,7,4,2,8998,15589,1,0,14,3,4,0,9,2,3,9,8,3,7,3,0,1
29,0,0,1496,1,1,1,5,208,4,1,41,3,2,4,3,1,4319,26283,1,0,13,3,1,1,10,1,3,10,7,0,9,3,2,1
51,0,2,1169,1,7,4,3,211,2,1,34,2,2,4,3,1,6132,13983,2,0,17,3,3,0,10,2,3,1,0,0,0,1,2,3
40,0,2,630,2,4,4,2,215,3,1,67,2,3,7,4,1,10855,8552,7,0,11,3,1,1,15,2,2,12,11,2,11,0,0,2
34,0,1,303,2,2,4,2,216,3,0,75,3,1,8,3,1,2231,11314,6,0,18,3,4,1,6,3,3,4,3,1,2,2,1,1
27,0,0,691,1,9,3,3,218,4,1,57,3,1,6,2,0,2024,5970,6,0,18,3,4,1,6,1,1,2,2,2,2,1,1,1
28,0,2,440,1,21,3,3,221,3,1,42,3,1,6,4,1,2713,6672,1,0,11,3,3,1,5,2,1,5,2,0,2,2,1,1
57,0,2,334,1,24,2,1,223,3,1,83,4,3,0,4,0,9439,23402,3,1,16,3,2,1,12,2,1,5,3,1,4,2,0,3
27,0,0,1450,1,3,3,3,224,3,1,79,2,1,6,3,0,2566,25326,1,1,15,3,4,1,1,2,2,1,1,0,1,1,1,1
41,0,2,465,1,14,3,1,227,1,1,56,3,1,6,3,0,2451,4609,4,0,12,3,1,1,13,2,3,9,8,1,8,3,1,2
27,0,2,1157,1,17,3,5,233,3,1,51,3,1,6,2,1,3058,13364,0,1,16,3,4,1,6,3,2,5,2,1,1,2,1,1
45,0,2,1268,2,4,2,1,240,3,0,30,3,2,7,1,0,5006,6319,4,1,11,3,1,1,9,3,4,5,4,0,3,2,2,2
56,0,2,713,1,8,3,1,241,3,0,67,3,1,6,1,0,4257,13939,4,1,18,3,3,1,19,3,3,2,2,2,2,1,2,3
33,0,2,134,1,2,3,1,242,3,1,90,3,1,6,4,2,2500,10515,0,0,14,3,1,0,4,2,4,3,1,0,2,2,1,1
38,0,2,1380,1,9,2,1,245,3,0,75,3,1,2,4,2,2288,6319,1,0,12,3,3,0,2,3,3,2,2,2,1,1,1,2
34,0,2,629,1,27,2,3,247,4,0,95,3,1,6,2,2,2311,5711,2,0,15,3,4,0,9,3,3,3,2,1,2,2,1,1
50,0,2,328,1,1,3,3,249,3,1,86,2,1,2,3,1,3690,3425,2,0,15,3,4,1,5,2,2,3,2,0,2,2,2,3
53,0,2,1084,1,13,2,3,250,4,0,57,4,2,4,1,0,4450,26250,1,0,11,3,3,2,5,3,3,4,2,1,3,2,2,3
34,0,1,1069,1,2,1,1,256,4,1,45,2,2,4,3,1,9547,14074,1,0,17,3,3,0,10,2,2,10,9,1,9,3,0,1
27,0,2,894,1,9,3,3,260,4,0,99,3,1,6,2,2,2279,11781,1,0,16,3,4,0,7,2,2,7,7,0,3,3,1,1
35,1,2,556,1,23,2,1,261,2,1,50,2,2,4,3,1,5916,15497,3,1,13,3,1,0,8,1,3,1,0,0,1,1,2,1
37,0,2,290,1,21,3,1,267,2,1,65,4,1,6,1,1,3564,22977,1,1,12,3,1,1,8,3,2,8,7,1,7,3,1,2
38,0,2,1084,1,29,3,5,273,4,1,54,3,2,4,4,1,6261,4185,3,0,18,3,1,1,9,3,1,7,7,1,7,3,2,2
27,0,1,472,1,1,1,5,274,3,1,60,2,2,4,1,1,4298,9679,5,0,19,3,3,1,6,1,3,2,2,2,0,1,2,1
34,0,1,878,1,10,4,3,277,4,1,43,3,1,6,3,0,3815,5972,1,1,17,3,4,1,5,4,4,5,3,2,0,2,2,1
40,0,2,905,1,19,2,3,281,3,1,99,3,2,2,4,1,2741,16523,8,1,15,3,3,1,15,2,4,7,2,3,7,3,1,2
38,1,2,1180,1,29,1,3,282,2,1,70,3,2,0,1,1,6673,11354,7,1,19,3,2,0,17,2,3,1,0,0,0,1,0,2
22,0,2,1136,1,5,3,1,284,4,1,60,4,1,6,2,0,2328,12392,1,1,16,3,1,1,4,2,2,4,2,2,2,2,1,0
36,0,1,635,1,18,1,3,286,2,0,73,3,1,2,4,2,2153,7703,1,0,13,3,1,0,8,2,3,8,1,1,7,3,1,2
46,0,2,644,1,1,4,3,288,4,1,97,3,3,0,1,0,9396,12368,7,0,16,3,3,1,17,3,3,4,2,0,3,2,0,3
27,0,1,1242,2,20,3,1,293,4,0,90,3,2,7,3,2,9981,12916,1,0,14,3,4,0,7,2,3,7,7,0,7,3,0,1
41,0,2,896,2,6,3,1,298,4,0,75,3,3,3,4,2,13591,14674,3,1,18,3,3,0,16,3,3,1,0,0,0,1,0,2
29,1,2,992,1,1,3,5,300,3,1,85,3,1,6,3,2,2058,19757,0,0,14,3,4,0,7,1,2,6,2,1,5,3,1,1
54,0,2,1147,2,3,3,2,303,4,0,52,3,2,7,1,1,5940,17011,2,0,14,3,4,1,16,4,3,6,2,0,5,3,2,3
36,0,2,1396,1,5,2,1,304,4,1,62,3,2,2,2,2,5914,9945,8,0,16,3,4,0,16,3,4,13,11,3,7,0,2,2
31,0,0,979,1,1,4,3,308,3,1,90,1,2,4,3,1,4345,4381,0,0,12,3,4,1,6,2,3,5,4,1,4,2,2,1
37,0,1,319,2,4,4,2,311,1,1,41,3,1,8,4,0,2793,2539,4,0,17,3,3,1,13,2,3,9,8,5,8,3,1,2
35,0,1,944,2,1,3,2,314,3,0,92,3,3,7,3,2,8789,9096,1,0,14,3,1,0,10,3,4,10,7,0,8,3,0,1
29,1,2,896,1,18,1,3,315,3,1,86,2,1,6,4,2,2389,14961,1,1,13,3,3,0,4,3,2,4,3,0,1,2,1,1
52,0,2,1323,1,2,3,1,316,3,0,89,2,1,2,4,2,3212,3300,7,0,15,3,2,0,6,3,2,2,2,2,2,1,1,3
59,0,2,818,0,6,2,3,321,2,1,52,3,1,1,3,1,2267,25657,8,0,17,3,4,0,7,2,2,2,2,2,2,1,1,3
33,1,2,813,1,14,3,3,325,3,1,58,3,1,2,4,1,2436,22149,5,1,13,3,3,1,8,2,1,5,4,0,4,2,1,1
32,1,2,515,1,1,3,1,331,4,1,62,2,1,2,3,2,3730,9571,0,1,14,3,4,0,4,2,1,3,2,1,2,2,2,1
32,0,0,976,2,26,4,2,333,3,1,100,3,2,7,4,1,4465,12069,0,0,18,3,1,0,4,2,3,3,2,2,2,2,2,1
41,0,2,1411,1,19,2,1,334,3,1,36,3,2,6,1,0,3072,19877,2,0,16,3,1,2,17,2,2,1,0,0,0,1,1,2
40,0,2,1300,1,24,2,5,335,1,1,62,3,2,6,4,0,3319,24447,1,0,17,3,1,2,9,3,3,9,8,4,7,3,1,2
33,0,2,832,1,5,4,1,338,3,0,63,2,1,6,4,1,2911,14776,1,0,13,3,3,1,2,2,2,2,2,0,2,1,1,1
34,0,2,470,1,2,4,1,339,4,1,84,2,2,4,1,1,5957,23687,6,0,13,3,2,1,13,3,3,11,9,5,9,0,2,1
37,0,2,1017,1,1,2,3,340,3,0,83,2,1,6,1,1,3920,18697,2,0,14,3,1,1,17,2,2,3,1,0,2,2,2,2
45,0,1,1199,1,7,4,1,341,1,1,77,4,2,4,3,1,6434,5118,4,0,17,3,4,1,9,1,3,3,2,0,2,2,2,2
29,0,2,665,1,15,3,1,346,3,1,60,3,1,6,4,2,2340,22673,1,0,19,3,1,0,6,1,3,6,5,1,5,3,1,1
42,0,2,916,1,17,2,1,347,4,0,82,4,2,6,1,2,6545,23016,3,1,13,3,3,0,10,1,3,3,2,0,2,2,0,2
29,0,2,1247,2,20,2,2,349,4,1,45,3,2,7,4,0,6931,10732,2,0,14,3,4,1,10,2,3,3,2,0,2,2,0,1
25,0,2,685,1,1,3,1,350,1,0,62,3,2,4,3,1,4898,7505,0,0,12,3,4,2,5,3,3,4,2,1,2,2,2,0
31,1,1,307,1,29,2,3,355,3,1,71,2,1,2,2,2,3479,11652,0,0,11,3,2,0,6,2,4,5,4,1,4,2,1,1
29,0,2,1210,2,2,3,3,366,1,1,78,2,2,7,2,1,6644,3687,2,0,19,3,2,2,10,2,3,0,0,0,0,1,0,1
25,0,0,675,1,5,2,1,369,2,1,85,4,2,0,1,0,4000,18384,1,0,12,3,4,2,6,2,3,6,3,1,5,3,2,0
21,0,2,996,1,3,2,3,379,4,1,100,2,1,6,3,2,3230,10531,1,0,17,3,1,0,3,4,4,3,2,1,0,2,1,0
37,0,0,728,1,1,4,3,380,1,0,80,3,3,5,4,0,13603,11677,2,1,18,3,1,2,15,2,3,5,2,0,2,2,0,2
29,0,1,442,2,2,2,1,388,2,1,44,3,2,7,4,2,4554,20260,1,0,18,3,1,0,10,3,2,10,7,0,9,3,2,1
55,0,2,147,1,20,2,5,389,2,1,37,3,2,2,4,1,5415,15972,3,1,19,3,4,1,12,4,3,10,7,0,8,3,2,3
26,0,1,496,1,11,2,3,390,1,1,60,3,2,0,1,1,4741,22722,1,1,13,3,3,1,5,3,3,5,3,3,3,2,2,1
37,0,2,1372,1,1,3,1,391,4,0,42,3,1,6,4,2,2115,15881,1,0,12,3,2,0,17,3,3,17,12,5,7,0,1,2
26,1,2,1449,1,16,4,3,394,1,1,45,3,1,2,2,0,2373,14180,2,1,13,3,4,1,5,2,3,3,2,0,2,2,1,1
18,1,2,230,1,3,3,1,405,3,1,54,3,1,2,3,2,1420,25233,1,0,13,3,3,0,0,2,3,0,0,0,0,1,1,0
36,0,1,566,1,18,4,1,407,3,1,81,4,1,2,4,1,3688,7122,4,0,18,3,4,2,4,2,3,1,0,0,0,1,2,2
51,0,2,1302,1,2,3,3,408,4,1,84,1,2,4,2,0,5482,16321,5,0,18,3,4,1,13,3,3,4,1,1,2,2,2,3
18,0,2,812,2,10,3,3,411,4,0,69,2,1,8,3,2,1200,9724,1,0,12,3,1,0,0,2,3,0,0,0,0,1,1,0
28,0,2,1476,1,16,2,3,412,2,1,68,4,2,0,1,2,5661,4824,0,0,19,3,3,0,9,2,3,8,3,0,7,3,2,1
36,0,0,1105,1,24,4,1,419,2,0,47,3,2,2,2,1,5674,6927,7,0,15,3,3,1,11,3,3,9,8,0,8,3,2,2
32,0,2,906,2,7,3,1,420,4,1,91,2,2,7,3,1,5484,16985,1,0,14,3,3,1,13,3,2,13,8,4,8,0,2,1
38,0,2,849,1,25,2,1,421,1,0,81,2,3,5,2,1,12061,26707,3,0,17,3,3,1,19,2,3,10,8,0,1,3,0,2
58,0,0,390,1,1,4,1,422,4,1,32,1,2,0,3,0,5660,17056,2,1,13,3,4,1,12,2,3,5,3,1,2,2,2,3
31,0,2,691,1,5,4,5,423,3,1,86,3,1,6,4,1,4821,10077,0,1,12,3,3,1,6,4,3,5,2,0,3,2,2,1
31,0,2,106,0,2,3,0,424,1,1,62,2,2,1,1,1,6410,17822,3,0,12,3,4,0,9,1,3,2,2,1,0,1,2,1
31,0,2,192,1,2,4,1,426,3,1,32,3,1,6,4,0,2695,7747,0,1,18,3,2,1,3,2,1,2,2,2,2,1,1,1
27,0,2,1220,1,5,3,1,434,3,0,85,3,1,6,2,2,2478,20938,1,1,12,3,2,0,4,2,2,4,3,1,2,2,1,1
27,0,2,1377,2,2,3,1,437,4,1,74,3,2,7,3,2,4478,5242,1,1,11,3,1,0,5,3,3,5,4,0,4,2,2,1
28,1,2,1157,1,2,4,3,440,1,1,84,1,1,6,4,1,3464,24737,5,1,13,3,4,0,5,4,2,3,2,2,2,2,1,1
30,0,2,1275,1,28,2,3,441,4,0,64,3,2,6,4,1,5775,11934,1,0,13,3,4,2,11,2,3,10,8,1,9,3,2,1
39,1,2,1162,2,3,2,3,445,4,0,41,3,2,7,3,1,5238,17778,4,1,18,3,1,0,12,3,2,1,0,0,0,1,2,2
43,0,1,559,1,10,4,1,448,3,0,82,2,2,2,3,0,5257,6227,1,0,11,3,2,1,9,3,4,9,7,0,0,3,2,2
54,0,1,928,1,20,4,1,450,4,0,31,3,2,6,3,2,4869,16885,3,0,12,3,4,0,20,4,2,4,3,0,3,2,2,3
43,0,2,1001,1,7,3,1,451,3,0,43,3,3,0,1,1,9985,9262,8,0,16,3,1,1,10,1,2,1,0,0,0,1,0,2
29,1,2,318,1,8,4,4,454,2,1,77,1,1,2,1,1,2119,4759,1,1,11,3,4,0,7,4,2,7,7,0,7,3,1,1
29,0,2,738,1,9,5,4,455,2,1,30,2,1,2,4,2,3983,7621,0,0,17,3,3,0,4,2,3,3,2,2,2,2,2,1
27,0,2,1130,2,8,4,2,458,2,0,56,3,2,7,2,1,6214,3415,1,0,18,3,1,1,8,3,3,8,7,0,7,3,2,1
37,0,2,1192,1,5,2,3,460,4,1,61,3,2,4,4,0,6347,23177,7,0,16,3,3,2,8,2,2,6,2,0,4,3,2,2
38,0,2,343,1,15,2,1,461,3,1,92,2,3,5,4,0,11510,15682,0,1,14,3,2,1,12,3,3,11,10,2,9,0,0,2
31,0,2,1232,1,7,4,3,462,3,0,39,3,3,4,4,2,7143,25713,1,1,14,3,3,0,11,2,2,11,9,4,10,0,0,1
29,0,2,144,2,10,1,2,463,4,0,39,2,2,7,2,0,8268,11866,1,1,14,3,1,2,7,2,3,7,7,1,7,3,0,1
23,0,2,1309,1,26,1,1,465,3,1,83,3,1,6,4,0,2904,16092,1,0,12,3,3,2,4,2,2,4,2,0,2,2,1,0
41,0,2,483,1,6,3,3,466,4,1,95,2,2,4,2,2,6032,10110,6,1,15,3,4,0,8,3,3,5,4,1,2,2,2,2
47,0,1,1309,2,4,1,3,467,2,1,99,3,2,8,3,2,2976,25751,3,0,19,3,1,0,5,3,3,0,0,0,0,1,1,3
42,0,2,810,1,23,5,1,468,1,0,44,3,4,5,4,2,15992,15901,2,0,14,3,2,0,16,2,3,1,0,0,0,1,0,2
29,0,0,746,2,2,3,1,469,4,1,61,3,2,7,3,1,4649,16928,1,0,14,3,1,1,4,3,2,4,3,0,2,2,2,1
32,0,2,1062,1,2,3,3,471,3,0,75,3,1,2,2,1,2370,3956,1,0,13,3,3,1,8,4,3,8,0,0,7,3,1,1
30,0,0,641,2,25,2,5,475,4,0,85,3,2,7,3,1,4736,6069,7,1,12,3,2,1,4,2,4,2,2,2,2,1,2,1
21,1,1,756,2,1,1,5,478,1,0,99,2,1,8,2,2,2174,9150,1,1,11,3,3,0,3,3,3,3,2,1,2,2,1,0
57,0,2,593,1,1,4,3,482,4,1,88,3,2,0,3,1,6755,2967,2,0,11,3,3,0,15,2,3,3,2,1,2,2,0,3
40,0,2,1171,1,10,4,1,483,4,0,46,4,1,2,3,1,2213,22495,3,1,13,3,3,1,10,3,3,7,7,1,7,3,1,2
33,1,2,350,2,5,3,2,485,4,0,34,3,1,8,3,2,2851,9150,1,1,13,3,2,0,1,2,3,1,0,0,0,1,1,1
46,0,0,1144,1,7,4,3,487,3,0,30,3,2,4,3,1,5258,16044,2,0,14,3,3,0,7,2,4,1,0,0,0,1,2,3
50,0,2,1046,1,10,3,5,491,4,1,100,2,3,0,4,2,10496,2755,6,0,15,3,4,0,20,2,3,4,3,1,3,2,0,3
27,0,2,1469,1,1,2,3,497,4,1,82,3,1,2,2,0,3816,17881,1,0,11,3,2,1,5,2,3,5,2,0,4,2,2,1
28,0,2,304,2,9,4,1,498,2,1,92,3,2,7,4,2,5253,20750,1,0,16,3,4,0,7,1,3,7,5,0,7,3,2,1
51,0,2,1178,2,14,2,1,500,3,0,87,3,2,7,4,1,4936,14862,4,0,11,3,3,1,18,2,2,7,7,0,7,3,2,3
36,0,2,329,1,2,3,1,501,4,0,96,3,1,6,3,1,2543,11868,4,0,13,3,2,1,6,3,3,2,2,2,2,1,1,2
34,1,0,1362,2,19,3,2,502,1,1,67,4,2,7,4,2,5304,4652,8,1,13,3,2,0,9,3,2,5,2,0,4,2,2,1
24,0,2,1371,2,10,4,2,507,4,0,77,3,2,7,3,0,4260,5915,1,1,12,3,4,1,5,2,4,5,2,0,3,2,2,0
30,0,2,202,2,2,1,5,508,3,1,72,3,1,8,2,1,2476,17434,1,0,18,3,1,1,1,3,3,1,0,0,0,1,1,1
22,0,2,253,1,11,3,3,511,1,0,43,3,1,6,2,1,2244,24440,1,0,13,3,4,1,2,1,3,2,1,1,2,1,1,0
37,0,2,1305,1,10,4,1,518,3,1,49,3,2,4,2,2,4197,21123,2,1,12,3,4,0,18,2,2,1,0,0,1,1,2,2
43,0,2,1473,1,8,4,4,526,3,0,74,3,2,0,3,0,4522,2227,4,1,14,3,4,0,8,3,3,5,2,0,2,2,2,2
25,0,2,891,2,4,2,1,527,2,0,99,2,2,7,4,2,4487,12090,1,1,11,3,2,0,5,3,3,5,4,1,3,2,2,0
31,0,2,329,1,1,2,1,530,4,1,98,2,1,2,1,1,2218,16193,1,0,12,3,3,1,4,3,3,4,2,3,2,2,1,1
41,0,2,645,2,1,3,2,534,2,1,49,4,3,7,1,1,8392,19566,1,0,16,3,3,1,10,2,3,10,7,0,7,3,0,2
28,0,2,1300,1,17,2,3,536,3,1,79,3,2,2,1,0,4558,13535,1,0,12,3,4,1,10,2,3,10,0,1,8,3,2,1
42,0,1,532,1,29,2,1,547,1,0,92,3,2,6,3,0,4556,12932,2,0,11,3,2,1,19,3,3,5,4,0,2,2,2,2
24,1,2,1448,2,1,1,5,554,1,0,62,3,1,8,2,2,3202,21972,1,1,16,3,2,0,6,4,3,5,3,1,4,2,1,0
34,1,1,296,2,6,2,2,555,4,0,33,1,1,8,3,0,2351,12253,0,0,16,3,4,1,3,3,2,2,2,1,0,1,1,1
30,0,0,1400,1,3,3,1,562,3,1,53,3,1,2,4,1,2097,16734,4,0,15,3,3,1,9,3,1,5,3,1,4,2,1,1
29,0,2,986,1,3,4,3,564,2,1,93,2,3,5,3,1,11935,21526,1,0,18,3,3,0,10,2,3,10,2,0,7,3,0,1
29,1,2,408,1,25,5,5,565,3,0,71,2,1,6,2,1,2546,18300,5,0,16,3,2,0,6,2,4,2,2,1,1,1,1,1
19,1,2,489,0,2,2,5,566,1,1,52,2,1,1,4,2,2564,18437,1,0,12,3,3,0,1,3,4,1,0,0,0,1,1,0
35,0,2,144,1,22,3,1,577,4,1,46,1,1,2,3,2,4230,19225,0,0,15,3,3,0,6,2,3,5,4,4,3,2,2,1
54,0,2,548,1,8,4,1,578,3,0,42,3,2,2,3,2,3780,23428,7,0,11,3,3,0,19,3,3,1,0,0,0,1,2,3
34,0,2,1303,1,2,4,1,579,4,1,62,2,1,6,3,0,2768,8416,3,0,12,3,3,1,14,3,3,7,3,5,7,3,1,1
46,0,2,1125,2,10,3,2,580,3,0,94,2,3,7,4,1,9071,11563,2,1,19,3,3,1,15,3,3,3,2,1,2,2,0,3
30,0,2,413,2,7,1,2,585,4,1,57,3,1,8,2,2,2983,18398,0,0,14,3,1,0,4,3,3,3,2,1,2,2,1,1
35,0,2,1276,1,16,3,1,586,4,1,72,3,3,0,3,1,7632,14295,4,1,12,3,3,0,10,2,3,8,7,0,0,3,0,1
31,1,1,534,1,20,3,1,587,1,1,66,3,3,0,3,1,9824,22908,3,0,12,3,1,0,12,2,3,1,0,0,0,1,0,1
42,0,1,1474,1,5,2,4,591,2,1,97,3,1,2,3,1,2093,9260,4,0,17,3,4,1,8,4,3,2,2,2,0,1,1,2
22,1,1,1368,1,4,1,5,593,3,1,99,2,1,2,3,2,3894,9129,5,0,16,3,3,0,4,3,3,2,2,1,2,1,2,0
41,0,0,267,2,10,2,1,599,4,1,56,3,2,7,4,2,6230,13430,7,0,14,3,4,0,16,3,3,14,3,1,10,0,2,2
39,0,1,443,1,8,1,1,602,3,0,48,3,1,2,3,1,3755,17872,1,0,11,3,1,1,8,3,3,8,3,0,7,3,2,2
31,0,2,828,2,2,1,1,604,2,1,77,3,2,7,4,2,6582,8346,4,1,13,3,3,0,10,2,4,6,5,0,5,3,0,1
45,0,2,561,2,2,3,4,606,4,1,61,3,2,7,2,1,4805,16177,0,0,19,3,2,1,9,3,4,8,7,3,7,3,2,2
26,1,1,426,0,17,4,1,608,2,0,58,3,1,1,3,0,2741,22808,0,1,11,3,2,1,8,2,2,7,7,1,0,3,1,1
29,0,2,232,1,19,3,5,611,4,1,34,3,2,4,4,0,4262,22645,4,0,12,3,2,2,8,2,4,3,2,1,2,2,2,1
33,0,2,922,1,1,5,3,612,1,0,95,4,4,5,3,0,16184,22578,4,0,19,3,3,1,10,2,3,6,1,0,5,3,0,1
18,1,1,1306,2,5,3,2,614,2,1,69,3,1,8,2,2,1878,8059,1,1,14,3,4,0,0,3,3,0,0,0,0,1,1,0
40,0,0,1094,2,28,3,4,615,3,1,58,1,3,7,1,0,10932,11373,3,0,15,3,3,1,20,2,3,1,0,0,1,1,0,2
41,0,0,509,1,2,4,4,616,1,0,62,2,2,0,3,2,6811,2112,2,1,17,3,1,0,10,3,3,8,7,0,7,3,0,2
35,0,2,195,2,1,3,3,620,1,0,80,3,2,7,3,2,4859,6698,1,0,16,3,4,0,5,3,3,5,4,0,3,2,2,1
34,0,2,258,2,21,4,1,621,4,1,74,4,2,7,4,2,5337,19921,1,0,12,3,4,0,10,3,3,10,7,5,7,3,2,1
26,1,2,471,1,24,3,5,622,3,1,66,1,1,2,4,2,2340,23213,1,1,18,3,2,0,1,3,1,1,0,0,0,1,1,1
37,0,2,799,1,1,3,5,623,2,0,59,3,3,4,4,2,7491,23848,4,0,17,3,4,0,12,3,4,6,5,1,2,3,0,2
32,1,0,1474,2,11,4,4,631,4,1,60,4,2,7,3,1,4707,23914,8,0,12,3,4,0,6,2,3,4,2,1,2,2,2,1
24,0,1,535,2,24,3,3,632,4,1,38,3,1,8,4,1,2400,5530,0,0,13,3,3,2,3,3,3,2,2,2,1,1,1,0
38,0,2,1495,1,10,3,3,634,3,0,76,3,2,0,3,1,9824,22174,3,0,19,3,3,1,18,4,3,1,0,0,0,1,0,2
37,0,2,446,1,1,4,1,635,2,0,65,3,2,4,2,1,6447,15701,6,0,12,3,2,1,8,2,2,6,5,4,3,3,2,2
24,0,2,691,1,23,3,3,639,2,1,89,4,1,6,4,1,2725,21630,1,1,11,3,2,2,6,3,3,6,5,1,4,3,1,0
25,0,2,622,2,13,1,3,645,2,1,40,3,1,8,3,1,2096,26376,1,0,11,3,3,0,7,1,3,7,4,0,6,3,1,0
24,1,1,1287,1,7,3,1,647,1,0,55,3,1,2,3,1,2886,14168,1,1,16,3,4,1,6,4,3,6,3,1,2,3,1,0
30,1,1,448,2,12,4,1,648,2,1,74,2,1,8,1,1,2033,14470,1,0,18,3,3,1,1,2,4,1,0,0,0,1,1,1
34,0,2,254,1,1,2,1,649,2,1,83,2,1,6,4,1,3622,22794,1,1,13,3,4,1,6,3,3,6,5,1,3,3,1,1
31,1,2,1365,2,13,4,3,650,2,1,46,3,2,7,1,0,4233,11512,2,0,17,3,3,0,9,2,1,3,1,1,2,2,2,1
35,0,2,538,1,25,2,4,652,1,1,54,2,2,2,4,2,3681,14004,4,0,14,3,4,0,9,3,3,3,2,0,2,2,2,1
37,0,2,558,2,2,3,2,656,4,1,75,3,2,7,3,1,9602,3010,4,1,11,3,3,1,17,3,2,3,0,1,0,2,0,2
42,0,2,622,1,2,4,1,659,3,0,81,3,2,0,4,1,4089,5718,1,0,13,3,2,2,10,4,3,10,2,2,2,3,2,2
38,0,2,362,1,1,1,1,662,3,0,43,3,1,6,1,2,2619,14561,3,0,17,3,4,0,8,3,2,0,0,0,0,1,1,2
43,0,1,1001,1,9,5,3,663,4,1,72,3,2,2,3,0,5679,19627,3,1,13,3,2,1,10,3,3,8,7,4,7,3,2,2
48,0,2,1236,1,1,4,1,664,4,0,40,2,4,3,1,1,15402,17997,7,0,11,3,1,1,21,3,1,3,2,0,2,2,0,3
44,0,2,1112,0,1,4,1,665,1,0,50,2,2,1,3,2,5985,26894,4,0,11,3,2,0,10,1,4,2,2,0,2,1,2,2
34,0,2,204,2,14,3,5,666,3,0,31,3,1,8,3,0,2579,2912,1,1,18,3,4,2,8,3,3,8,2,0,6,3,1,1
27,1,2,1420,2,2,1,2,667,3,1,85,3,1,8,1,0,3041,16346,0,0,11,3,2,1,5,3,3,4,3,0,2,2,1,1
21,0,2,1343,2,22,1,5,669,3,1,49,3,1,8,3,2,3447,24444,1,0,11,3,3,0,3,2,3,3,2,1,2,2,1,0
33,0,2,1216,2,8,4,2,677,3,1,39,3,2,7,3,0,7104,20431,0,0,12,3,4,0,6,3,3,5,0,1,2,2,0,1
32,0,2,646,1,9,4,1,679,1,0,92,3,2,6,4,1,6322,18089,1,1,12,3,4,1,6,2,2,6,4,0,5,3,2,1
45,1,1,306,2,26,4,1,684,1,0,100,3,2,7,1,1,4286,5630,2,0,14,3,4,2,5,4,3,1,1,0,0,1,2,2
26,0,2,991,1,6,3,1,686,3,0,71,3,1,2,4,1,2659,17759,1,1,13,3,3,1,3,2,3,3,2,0,2,2,1,1
36,0,2,913,1,9,2,3,699,2,1,48,2,2,4,2,0,8847,13934,2,1,11,3,3,1,13,2,3,3,2,0,2,2,0,2
35,0,0,727,1,3,3,1,704,3,1,41,2,1,2,3,1,1281,16900,1,0,18,3,3,2,1,3,3,1,0,0,0,1,1,1
23,0,2,885,1,4,3,3,705,1,1,58,4,1,6,1,1,2819,8544,2,0,16,3,1,1,5,3,4,3,2,0,2,2,1,0
48,0,2,817,2,2,1,2,712,2,1,56,4,2,7,2,1,8120,18597,3,0,12,3,4,0,12,3,3,2,2,2,2,1,0,3
37,0,2,1225,1,10,2,1,715,4,1,80,4,1,6,4,2,4680,15232,3,0,17,3,1,0,4,2,3,1,0,0,0,1,2,2
32,0,2,929,2,10,3,2,722,4,1,55,3,2,7,4,2,5396,21703,1,0,12,3,4,0,10,2,2,10,7,0,8,3,2,1
50,1,1,562,2,8,2,5,723,2,1,50,3,2,7,3,1,6796,23452,3,1,14,3,1,1,18,4,3,4,3,1,3,2,0,3
38,0,2,827,1,1,4,1,724,2,0,33,4,2,0,4,2,7625,19383,0,0,13,3,3,0,10,4,2,9,7,1,8,3,0,2
27,0,2,608,1,1,2,1,725,3,0,68,3,3,4,1,1,7412,6009,1,0,11,3,4,0,9,3,3,9,7,0,7,3,0,1
47,0,2,703,2,14,4,2,728,4,1,42,3,2,7,1,2,4960,11825,2,0,12,3,4,0,20,2,3,7,7,1,7,3,2,3
60,0,2,1179,2,16,4,2,732,1,1,84,3,2,7,1,2,5405,11924,8,0,14,3,4,0,10,1,3,2,2,2,2,1,2,3
50,0,2,316,2,8,4,2,738,4,1,54,3,1,8,2,1,3875,9983,7,0,15,3,4,1,4,2,3,2,2,2,2,1,2,3
28,1,2,654,1,1,2,1,741,1,0,67,1,1,6,2,2,2216,3872,7,1,13,3,4,0,10,4,3,7,7,3,7,3,1,1
38,0,2,168,1,1,3,1,743,3,0,81,3,3,4,3,2,7861,15397,4,1,14,3,4,0,10,4,4,1,0,0,0,1,0,2
42,1,1,933,1,19,3,3,752,3,1,57,4,1,6,3,0,2759,20366,6,1,12,3,4,0,7,2,3,2,2,2,2,1,1,2
34,0,2,970,1,8,2,3,757,2,0,96,3,2,0,3,2,6142,7360,3,0,11,3,4,0,10,2,3,5,1,4,3,2,2,1
23,0,2,650,1,9,1,3,758,2,1,37,3,1,2,1,1,2500,4344,1,0,14,3,4,1,5,2,4,4,3,0,2,2,1,0
27,0,2,975,1,7,3,3,764,4,0,55,2,2,0,1,2,6811,23398,8,0,19,3,1,0,9,2,1,7,6,0,7,3,0,1
29,0,2,1090,2,10,3,2,766,4,1,83,3,1,8,2,0,2297,17967,1,0,14,3,4,2,2,2,3,2,2,2,2,1,1,1
53,0,2,346,1,6,3,1,769,4,1,86,3,2,2,4,2,2450,10919,2,0,17,3,4,0,19,4,3,2,2,2,2,1,1,3
35,0,0,1225,1,2,4,1,771,4,0,61,3,2,0,1,0,5093,4761,2,0,11,3,1,1,16,2,4,1,0,0,0,1,2,1
32,0,1,430,1,24,4,1,772,1,1,80,3,2,2,4,1,5309,21146,1,0,15,3,4,2,10,2,3,10,8,4,7,3,2,1
34,0,2,167,1,8,5,1,775,2,0,32,3,2,4,1,0,5121,4187,3,0,14,3,3,1,7,3,3,0,0,0,0,1,2,1
45,0,2,954,2,2,2,5,783,2,1,46,1,2,8,3,2,6632,12388,0,0,13,3,1,0,9,3,3,8,7,3,1,3,0,2
23,0,2,310,1,10,1,3,784,1,1,79,4,1,6,3,2,3505,19630,1,0,18,3,4,0,2,3,3,2,2,0,2,1,1,0
47,1,1,719,2,27,2,1,785,2,0,77,4,2,7,3,2,6397,10339,4,1,12,3,4,0,8,2,3,5,4,1,3,2,2,3
36,0,0,1434,2,8,4,1,789,1,1,76,2,3,7,1,2,7587,14229,1,0,15,3,2,0,10,1,3,10,7,0,9,3,0,2
52,0,0,715,1,19,4,3,791,4,1,41,3,1,6,4,1,4258,26589,0,0,18,3,1,1,5,3,3,4,3,1,2,2,2,3
26,0,1,575,1,1,2,1,792,1,0,71,1,1,2,4,0,4364,5288,3,0,14,3,1,1,5,2,3,2,2,2,0,1,2,1
29,0,2,657,1,27,3,3,793,2,0,66,3,2,0,3,1,4335,25549,4,0,12,3,1,1,11,3,2,8,7,1,1,3,2,1
26,1,2,1146,2,8,3,5,796,4,1,38,2,2,7,1,2,5326,3064,6,0,17,3,3,0,6,2,2,4,3,1,2,2,2,1
34,0,2,182,1,1,4,1,797,2,0,72,4,1,6,4,2,3280,13551,2,0,16,3,3,0,10,2,3,4,2,1,3,2,1,1
27,0,1,829,2,8,1,2,800,3,1,84,3,2,7,4,1,4342,24008,0,0,19,3,2,1,5,3,3,4,2,1,1,2,2,1
37,0,2,571,1,10,1,1,802,4,0,82,3,1,6,1,0,2782,19905,0,1,13,3,2,2,6,3,2,5,3,4,3,2,1,2
34,0,2,121,1,2,4,3,804,3,0,86,2,1,6,1,2,4381,7530,1,0,11,3,3,0,6,3,3,6,5,1,3,3,2,1
35,0,2,384,2,8,4,1,805,1,0,72,3,1,8,4,1,2572,20317,1,0,16,3,2,1,3,1,2,3,2,0,2,2,1,1
34,0,2,1111,2,8,2,1,808,3,0,93,3,2,7,1,1,6500,13305,5,0,17,3,2,1,6,1,3,3,2,1,2,2,2,1
29,1,2,805,1,1,2,1,816,2,0,36,2,1,2,1,1,2319,6689,1,1,11,3,4,1,1,1,3,1,0,0,0,1,1,1
33,0,2,213,1,7,3,3,817,3,1,49,3,3,5,3,1,11691,25995,0,0,11,3,4,0,14,3,4,13,9,3,7,0,0,1
33,1,2,118,2,16,3,2,819,1,0,69,3,2,7,1,2,5324,26507,5,0,15,3,3,0,6,3,3,3,2,0,2,2,2,1
36,0,2,676,1,1,3,4,823,3,0,35,3,2,4,2,1,5228,23361,0,0,15,3,1,1,10,2,3,9,7,0,5,3,2,2
28,1,2,890,1,2,4,3,828,3,1,46,3,1,6,3,2,4382,16374,6,0,17,3,4,0,5,3,2,2,2,2,1,1,2,1
36,0,2,1041,0,13,3,0,829,3,1,36,3,1,1,2,1,2143,25527,4,0,13,3,2,1,8,2,3,5,2,0,4,2,1,2
45,0,2,252,1,2,3,1,834,2,0,95,2,1,6,3,2,2274,6153,1,0,14,3,4,0,1,3,3,1,0,0,0,1,1,2
38,0,1,471,1,12,3,1,837,1,1,45,2,2,0,1,0,6288,4284,2,0,15,3,3,1,13,3,2,4,3,1,2,2,2,2
34,0,1,702,1,16,4,1,838,3,0,100,2,1,6,4,2,2553,8306,1,0,16,3,3,0,6,3,3,5,2,1,3,2,1,1
27,0,2,269,1,5,1,5,844,3,1,42,2,3,5,4,0,12808,8842,1,1,16,3,2,1,9,3,3,9,8,0,8,3,0,1
34,0,2,829,0,3,2,0,847,3,1,88,3,1,1,4,1,3737,2243,0,0,19,3,3,1,4,1,1,3,2,0,2,2,2,1
26,1,1,887,1,5,2,3,848,3,0,88,2,1,6,3,1,2366,20898,1,1,14,3,1,1,8,2,3,8,7,1,7,3,1,1
25,0,2,180,1,2,1,3,854,1,1,65,4,1,6,1,2,3424,21632,7,0,13,3,3,0,6,3,2,4,3,0,1,2,1,0
35,0,2,1343,1,27,1,3,856,3,0,53,2,1,6,1,2,2559,17852,1,0,11,3,4,0,6,3,2,6,5,1,1,3,1,1
36,0,2,928,2,1,2,1,857,2,1,56,3,2,7,4,1,6201,2823,1,1,14,3,4,1,18,1,2,18,14,4,11,0,2,2
32,0,2,117,2,13,4,1,859,2,1,73,3,2,7,4,0,4403,9250,2,0,11,3,3,1,8,3,2,5,2,0,3,2,2,1
45,0,2,930,2,9,3,2,864,4,1,74,3,3,7,1,0,10761,19239,4,1,12,3,3,1,18,2,3,5,4,0,2,2,0,2
32,0,2,638,1,8,2,3,865,3,0,91,4,2,6,3,1,5175,22162,5,0,12,3,3,1,9,3,2,5,3,1,3,2,2,1
37,0,2,342,2,16,4,2,868,4,1,66,2,2,7,3,0,6334,24558,4,0,19,3,4,2,9,2,3,1,0,0,0,1,2,2
42,0,1,1271,1,2,1,3,875,2,1,35,3,1,6,4,2,2515,9068,5,1,14,3,4,0,8,2,3,2,1,2,2,1,1,2
25,0,2,141,2,3,1,4,879,3,1,98,3,2,7,1,1,4194,14363,1,1,18,3,4,0,5,3,3,5,3,0,3,2,2,0
32,0,0,300,1,1,3,1,882,4,1,61,3,1,2,4,0,2314,9148,0,0,12,3,2,1,4,2,3,3,0,0,2,2,1,1
25,0,2,583,2,4,1,2,885,3,1,87,2,2,7,1,1,4256,18154,1,0,12,3,1,0,5,1,4,5,2,0,3,2,2,0
49,0,2,1418,1,1,3,5,887,3,0,36,3,1,6,1,1,3580,10554,2,0,16,3,2,1,7,2,3,4,2,0,2,2,1,3
24,0,0,1269,1,4,1,1,888,1,1,46,2,1,2,4,1,3162,10778,0,0,17,3,4,0,6,2,2,5,2,3,4,2,1,0
32,0,1,379,2,5,2,1,889,2,1,48,3,2,7,2,1,6524,8891,1,0,14,3,4,1,10,3,3,10,8,5,3,3,2,1
38,0,2,395,2,9,3,2,893,2,1,98,2,1,8,2,1,2899,12102,0,0,19,3,4,1,3,3,3,2,2,1,2,1,1,2
42,0,2,1265,1,3,3,1,894,3,0,95,4,2,2,4,1,5231,23726,2,1,13,3,2,1,17,1,2,5,3,1,3,2,2,2
31,0,2,1222,1,11,4,1,895,4,1,48,3,1,6,4,1,2356,14871,3,1,19,3,2,1,8,2,3,6,4,0,2,3,1,1
35,0,2,672,1,25,3,5,899,4,1,78,2,3,4,2,1,10903,9129,3,0,16,3,1,0,16,2,3,13,10,4,8,0,0,1
37,0,1,1231,2,21,2,3,900,3,0,54,3,1,8,4,1,2973,21222,5,0,15,3,2,1,10,3,3,5,4,0,0,2,1,2
43,0,1,422,1,1,3,1,902,4,0,33,3,2,0,4,1,5562,21782,4,0,13,3,2,1,12,2,2,5,2,2,2,2,2,2
37,0,0,1252,2,19,2,3,904,1,1,32,3,3,7,2,2,7642,4814,1,1,13,3,4,0,10,2,3,10,0,0,9,3,0,2
39,0,2,1383,0,2,3,1,909,4,0,42,2,2,1,4,1,5204,7790,8,0,11,3,3,2,13,2,3,5,4,0,4,2,2,2
33,0,2,1075,0,3,2,0,910,4,1,57,3,1,1,2,0,2277,22650,3,1,11,3,3,1,7,4,4,4,3,0,3,2,1,1
28,0,2,821,2,5,4,3,916,1,1,98,3,2,7,4,2,4908,24252,1,0,14,3,2,0,4,3,3,4,2,0,2,2,2,1
20,1,2,500,2,2,3,3,922,3,0,49,2,1,8,3,2,2044,22052,1,0,13,3,4,0,2,3,2,2,2,0,2,1,1,0
21,1,2,1427,1,18,1,4,923,4,0,65,3,1,6,4,2,2693,8870,1,0,19,3,1,0,1,3,2,1,0,0,0,1,1,0
36,0,2,1425,1,14,1,1,924,3,1,68,3,2,0,4,1,6586,4821,0,1,17,3,1,1,17,2,2,16,8,4,11,0,0,2
47,0,2,1454,2,2,4,1,925,4,0,65,2,1,8,4,2,3294,13137,1,1,18,3,1,0,3,3,2,3,2,1,2,2,1,3
22,1,2,617,1,3,1,1,926,2,0,34,3,2,4,3,1,4171,10022,0,1,19,3,1,1,4,3,4,3,2,0,2,2,2,0
41,1,2,1085,1,2,4,1,927,2,0,57,1,1,2,4,0,2778,17725,4,1,13,3,3,1,10,1,2,7,7,1,0,3,1,2
28,0,2,995,1,9,3,3,930,3,0,77,3,1,6,3,0,2377,9834,5,0,18,3,2,1,6,2,3,2,2,2,2,1,1,1
27,0,2,618,1,4,3,1,933,2,0,76,3,1,6,3,2,2318,17808,1,0,19,3,3,0,1,2,3,1,1,0,0,1,1,1
34,0,2,546,1,10,3,1,934,2,1,83,3,1,2,2,0,2008,6896,1,0,14,3,2,2,1,3,3,1,0,1,0,1,1,1
33,0,2,1198,1,1,4,4,939,3,1,100,2,1,6,1,2,2799,3339,3,1,11,3,2,0,6,1,3,3,2,0,2,2,1,1
31,0,2,154,2,7,4,1,941,2,1,41,2,1,8,3,1,2329,11737,3,0,15,3,2,0,13,2,4,7,7,5,2,3,1,1
48,0,2,1469,1,20,4,3,945,4,1,51,3,1,6,3,1,2259,5543,4,0,17,3,1,2,13,2,2,0,0,0,0,1,1,3
31,0,0,1188,2,20,2,2,947,4,0,45,3,2,7,3,1,6932,24406,1,0,13,3,4,1,9,2,2,9,8,0,0,3,0,1
38,0,2,1333,1,1,3,5,950,4,0,80,3,3,5,1,1,13582,16292,1,0,13,3,2,1,15,3,3,15,12,5,11,0,0,2
40,0,2,658,2,10,4,2,954,1,1,67,2,3,7,2,0,9705,20652,2,0,12,3,2,1,11,2,2,1,0,0,0,1,0,2
26,0,1,1283,2,1,3,3,956,3,1,52,2,2,7,1,2,4294,11148,1,0,12,3,2,0,7,2,3,7,7,0,7,3,2,1
19,1,2,419,2,21,3,4,959,4,1,37,2,1,8,2,2,2121,9947,1,1,13,3,2,0,1,3,4,1,0,0,0,1,1,0
20,1,2,129,1,4,3,5,960,1,1,84,3,1,2,1,2,2973,13008,1,0,19,3,2,0,1,2,3,1,0,0,0,1,1,0
40,0,1,1469,1,9,4,3,964,4,1,35,3,1,6,2,0,3617,25063,8,1,14,3,4,1,3,2,3,1,1,0,0,1,1,2
33,0,2,1069,1,1,3,1,969,2,0,42,2,2,0,4,2,6949,12291,0,0,14,3,1,0,6,3,3,5,0,1,4,2,0,1
35,0,2,1219,2,18,3,3,975,3,0,86,3,2,7,3,1,4601,6179,1,0,16,3,2,0,5,3,3,5,2,1,0,2,2,1
38,0,0,152,2,10,3,5,983,3,0,85,3,2,7,4,2,5666,19899,1,1,13,3,2,0,6,1,3,5,3,1,3,2,2,2
35,0,2,882,2,3,4,1,984,4,1,92,3,3,7,4,0,7823,6812,6,0,13,3,2,1,12,2,3,10,9,0,8,3,0,1
39,0,2,903,2,2,5,1,985,1,1,41,4,3,7,3,2,7880,2560,0,0,18,3,4,0,9,3,3,8,7,0,7,3,0,2
40,1,0,1479,2,24,3,1,986,2,0,100,4,4,7,2,2,13194,17071,4,1,16,3,4,0,22,2,2,1,0,0,0,1,0,2
36,0,0,1229,2,8,4,5,990,1,1,84,3,2,7,4,0,5079,25952,4,0,13,3,4,2,12,3,3,7,7,0,7,3,2,2
33,0,2,461,1,13,1,1,995,2,0,53,3,1,6,4,2,3452,17241,3,0,18,3,1,0,5,4,3,3,2,0,2,2,1,1
45,0,2,974,1,1,4,3,996,4,0,91,3,1,2,4,0,2270,11005,3,0,14,3,4,2,8,2,3,5,3,0,2,2,1,2
33,0,1,827,1,1,4,4,998,3,0,84,4,2,0,2,1,5488,20161,1,1,13,3,1,1,6,2,3,6,5,1,2,3,2,1
45,0,0,248,1,23,2,1,1002,4,1,42,3,2,2,1,1,3633,14039,1,1,15,3,3,1,9,2,3,9,8,0,8,3,2,2
30,1,2,138,1,22,3,1,1004,1,0,48,3,1,6,3,1,2132,11539,4,1,11,3,2,0,7,2,3,5,2,0,1,2,1,1
50,0,2,939,1,24,3,1,1005,4,1,95,3,4,4,3,1,13973,4161,3,1,18,3,4,1,22,2,3,12,11,1,5,0,0,3
46,0,2,566,1,7,2,3,1007,4,1,75,3,3,4,3,0,10845,24208,6,0,13,3,2,1,13,3,3,8,7,0,7,3,0,3
31,0,1,853,1,1,1,1,1011,3,0,96,3,2,4,1,1,4148,11275,1,0,12,3,3,1,4,1,3,4,3,0,3,2,2,1
18,0,0,287,1,5,2,1,1012,2,1,73,3,1,6,4,2,1051,13493,1,0,15,3,4,0,0,2,3,0,0,0,0,1,1,0
54,0,2,1441,1,17,3,5,1013,3,0,56,3,3,4,3,1,10739,13943,8,0,11,3,3,1,22,2,3,10,7,0,8,3,0,3
20,1,2,1097,1,11,3,3,1016,4,0,98,2,1,6,1,2,2600,18275,1,1,15,3,1,0,1,2,3,1,0,0,0,1,1,0
30,1,1,109,1,5,3,3,1017,2,0,60,3,1,2,2,2,2422,25725,0,0,17,3,1,0,4,3,3,3,2,1,2,2,1,1
26,0,2,1066,1,2,2,3,1018,4,1,32,4,2,4,4,1,5472,3334,1,0,12,3,2,0,8,2,3,8,7,1,3,3,2,1
22,0,2,217,1,8,1,1,1019,2,1,94,1,1,2,1,1,2451,6881,1,0,15,3,1,1,4,3,2,4,3,1,1,2,1,0
27,0,2,1055,1,2,4,1,1027,1,0,47,3,2,4,4,1,4227,4658,0,0,18,3,2,1,4,2,3,3,2,2,2,2,2,1
37,1,2,1141,1,11,2,3,1033,1,0,61,1,2,0,2,1,4777,14382,5,0,15,3,1,0,15,2,1,1,0,0,0,1,2,2
38,0,2,1035,2,3,4,1,1036,2,1,42,3,2,7,4,2,6861,4981,8,1,12,3,3,0,19,1,3,1,0,0,0,1,0,2
33,0,0,1038,2,8,1,1,1044,2,0,88,2,1,8,4,2,2342,21437,0,0,19,3,4,0,3,2,2,2,2,2,2,1,1,1
34,0,2,216,2,1,4,2,1047,2,1,75,4,2,7,4,0,9725,12278,0,0,11,3,4,1,16,2,2,15,1,0,9,0,0,1
59,0,2,1089,2,1,2,5,1048,2,1,66,3,3,3,4,1,11904,11038,3,1,14,3,3,1,14,1,1,6,4,0,4,3,0,3
45,0,2,788,0,24,4,3,1049,2,1,36,3,1,1,2,2,2177,8318,1,0,16,3,1,0,6,3,3,6,3,0,4,3,1,2
36,1,2,660,1,15,3,4,1052,1,1,81,3,2,2,3,0,4834,7858,7,0,14,3,2,1,9,3,2,1,0,0,0,1,2,2
26,1,1,342,1,2,3,1,1053,1,1,57,3,1,6,1,1,2042,15346,6,1,14,3,2,1,6,2,3,3,2,1,2,2,1,1
34,0,2,1333,2,10,4,1,1055,3,0,87,3,1,8,3,1,2220,18410,1,1,19,3,4,1,1,2,3,1,1,0,0,1,1,1
38,0,1,1186,1,3,4,4,1060,3,1,44,3,1,6,3,1,2821,2997,3,0,16,3,1,1,8,2,3,2,2,2,2,1,1,2
37,0,2,124,1,3,3,4,1062,4,0,35,3,2,0,2,2,4107,13848,3,0,15,3,1,0,8,3,2,4,3,0,1,2,2,2
56,0,1,1240,1,9,3,3,1071,1,0,63,3,1,6,3,1,2942,12154,2,0,19,3,2,1,18,4,3,5,4,0,3,2,1,3
20,1,1,769,2,9,3,2,1077,4,0,54,3,1,8,4,2,2323,17205,1,1,14,3,2,0,2,3,3,2,2,0,2,1,1,0
28,1,0,1366,1,24,2,5,1082,2,1,72,2,3,0,1,2,8722,12355,1,0,12,3,1,0,10,2,2,10,7,1,9,3,0,1
26,0,2,192,1,1,2,3,1083,1,1,59,2,1,2,1,1,3955,11141,1,0,16,3,1,2,6,2,3,5,3,1,3,2,2,1
30,0,2,1176,1,20,3,4,1084,3,1,85,3,2,4,1,1,9957,9096,0,0,15,3,3,1,7,1,2,6,2,0,2,3,0,1
41,0,2,509,1,7,2,5,1085,2,0,43,4,1,6,3,1,3376,18863,1,0,13,3,3,0,10,3,3,10,6,0,8,3,1,2
55,0,1,1091,1,2,1,1,1096,4,1,65,3,3,4,2,1,10976,15813,3,0,18,3,2,1,23,4,3,3,2,1,2,2,0,3
28,0,2,857,1,10,3,4,1097,3,0,59,3,2,6,3,2,3660,7909,3,0,13,3,4,0,10,4,4,8,7,1,7,3,2,1
33,0,2,654,1,5,3,1,1099,4,1,34,2,3,0,4,0,7119,21214,4,0,15,3,3,1,9,2,3,3,2,1,2,2,0,1
34,0,1,618,1,3,1,1,1103,1,1,45,3,2,0,4,2,7756,22266,0,0,17,3,3,0,7,1,2,6,2,0,4,3,0,1
25,1,2,1219,1,4,1,5,1106,4,1,32,3,1,2,4,1,3691,4605,1,1,15,3,2,1,7,3,4,7,7,5,6,3,2,0
28,1,1,1009,1,1,3,3,1111,1,1,45,2,1,2,2,0,2596,7160,1,0,15,3,1,2,1,2,3,1,0,0,0,1,1,1
50,1,1,959,2,1,4,4,1113,4,1,81,3,2,7,3,2,4728,17251,3,1,14,3,4,0,5,4,3,0,0,0,0,1,2,3
33,0,1,970,2,7,3,1,1114,4,0,30,3,2,7,2,1,4302,13401,0,0,17,3,3,1,4,3,3,3,2,0,2,2,2,1
52,0,2,994,1,7,4,1,1118,2,1,87,3,3,0,2,2,10445,15322,7,0,19,3,4,0,18,4,3,8,6,4,0,3,0,3
38,0,2,770,2,10,4,2,1119,3,1,73,2,3,7,3,0,8740,5569,0,1,14,3,2,2,9,2,3,8,7,2,7,3,0,2
38,0,2,130,2,2,2,2,1125,4,1,32,3,3,7,2,2,7351,20619,7,0,16,3,3,0,10,2,3,1,0,0,0,1,0,2
43,0,1,1082,1,27,3,1,1126,3,0,83,3,3,4,1,1,10820,11535,8,0,11,3,3,1,18,1,3,8,7,0,1,3,0,2
31,0,1,793,2,20,3,1,1135,3,1,67,4,1,8,4,1,2791,21981,0,0,12,3,1,1,3,4,3,2,2,2,2,1,1,1
28,0,2,1451,1,2,1,1,1136,1,1,67,2,1,6,2,1,3201,19911,0,0,17,3,1,0,6,2,1,5,3,0,4,2,1,1
35,0,1,1182,2,11,2,2,1137,4,1,54,3,2,7,4,0,4968,18500,1,0,11,3,4,1,5,3,3,5,2,0,2,2,2,1
49,0,2,174,2,8,4,5,1138,4,1,56,2,4,7,2,1,13120,11879,6,0,17,3,2,1,22,3,3,9,8,2,3,3,0,3
34,0,1,1003,1,2,2,1,1140,4,1,95,3,2,4,3,2,4033,15834,2,0,11,3,4,0,5,3,2,3,2,0,2,2,2,1
29,0,1,490,1,10,3,1,1143,4,0,61,3,1,6,2,0,3291,17940,0,0,14,3,4,2,8,2,2,7,5,1,1,3,1,1
42,0,2,188,1,29,3,3,1148,2,1,56,1,2,2,4,2,4272,9558,4,0,19,3,1,0,16,3,3,1,0,0,0,1,2,2
29,0,2,718,1,8,1,3,1150,2,1,79,2,2,4,4,1,5056,17689,1,1,15,3,3,1,10,2,2,10,7,1,2,3,2,1
38,0,2,433,0,1,3,0,1152,3,1,37,4,1,1,3,1,2844,6004,1,0,13,3,4,1,7,2,4,7,6,5,0,3,1,2
28,0,1,773,1,6,3,1,1154,3,1,39,2,1,6,3,0,2703,22088,1,1,14,3,4,1,3,2,3,3,1,0,2,2,1,1
33,1,2,603,2,9,4,2,1157,1,0,77,3,2,7,1,2,8224,18385,0,1,17,3,1,0,6,3,3,5,2,0,3,2,0,1
41,0,2,167,1,12,4,1,1158,2,1,46,3,1,2,4,1,4766,9051,3,1,11,3,1,1,6,4,3,1,0,0,0,1,2,2
37,0,2,367,1,25,2,3,1161,3,0,52,2,2,0,4,0,5731,17171,7,0,13,3,3,2,9,2,3,6,2,1,3,3,2,2
35,0,2,528,0,8,4,5,1164,3,1,100,3,1,1,3,2,4323,7108,1,0,17,3,2,0,6,2,1,5,4,1,4,2,2,1
29,1,2,408,2,23,1,1,1165,4,0,45,2,3,7,1,1,7336,11162,1,0,13,3,1,1,11,3,1,11,8,3,10,0,0,1
42,0,2,647,2,4,4,2,1171,2,1,45,3,2,7,1,2,5155,2253,7,0,13,3,4,0,9,3,4,6,4,1,5,3,2,2
35,0,2,982,1,1,4,3,1172,4,1,58,2,1,2,3,1,2258,16340,6,0,12,3,2,1,10,2,3,8,0,1,7,3,1,1
28,1,2,1485,1,12,1,1,1175,3,0,79,3,1,2,4,1,2515,22955,1,1,11,3,4,0,1,4,2,1,1,0,0,1,1,1
30,0,2,852,2,10,3,2,1179,3,1,72,2,2,7,3,1,6578,2706,1,0,18,3,1,1,10,3,3,10,3,1,4,3,0,1
40,0,1,902,1,26,2,3,1180,3,0,92,2,2,6,4,1,4422,21203,3,1,13,3,4,1,16,3,1,1,1,0,0,1,2,2
35,0,1,636,1,4,4,4,1185,4,1,47,2,1,2,4,1,2376,26537,1,0,13,3,2,1,2,2,4,2,2,2,2,1,1,1
43,1,2,1372,2,9,3,2,1188,1,0,85,1,2,7,3,2,5346,9489,8,0,13,3,2,0,7,2,2,4,3,1,3,2,2,2
45,0,2,1457,1,7,3,3,1195,1,0,83,3,1,6,3,1,4477,20100,4,1,19,3,3,1,7,2,2,3,2,0,2,2,2,2
37,0,2,977,1,1,3,1,1196,4,0,56,2,2,4,4,1,6474,9961,1,0,13,3,2,1,14,2,2,14,8,3,11,0,2,2
20,0,2,805,1,3,3,1,1198,1,1,87,2,1,2,3,2,3033,12828,1,0,12,3,1,0,2,2,2,2,2,1,2,1,1,0
44,1,2,1097,1,10,4,1,1200,3,1,96,3,1,6,3,2,2936,10826,1,1,11,3,3,0,6,4,3,6,4,0,2,3,1,2
29,0,2,942,1,15,1,1,1202,2,0,69,1,1,6,4,1,2168,26933,0,1,18,3,1,1,6,2,2,5,4,1,3,2,1,1
44,0,0,111,1,17,3,1,1206,4,1,74,1,1,6,3,2,2290,4279,2,0,13,3,4,0,6,3,3,0,0,0,0,1,1,2
33,0,2,147,0,2,3,0,1207,2,1,99,3,1,1,3,1,3600,8429,1,0,13,3,4,1,5,2,3,5,4,1,4,2,1,1
41,1,0,906,1,5,2,1,1210,1,1,95,2,1,6,1,0,2107,20293,6,0,17,3,1,1,5,2,1,1,0,0,0,1,1,2
24,1,2,984,1,17,2,1,1219,4,0,97,3,1,2,2,1,2210,3372,1,0,13,3,1,1,1,3,1,1,0,0,0,1,1,0
33,0,1,1146,2,25,3,3,1220,2,0,82,3,2,7,3,1,4539,4905,1,0,12,3,1,1,10,3,2,10,7,0,1,3,2,1
36,0,2,917,1,6,4,1,1221,3,1,60,1,1,2,3,0,2741,6865,1,0,14,3,3,1,7,4,3,7,7,1,7,3,1,2
20,0,2,654,2,21,3,2,1226,3,1,43,4,1,8,4,2,2678,5050,1,0,17,3,4,0,2,2,3,2,1,2,2,1,1,0
46,0,2,150,1,2,4,5,1228,4,1,60,3,2,4,4,0,7379,17433,2,0,11,3,3,1,12,3,2,6,3,1,4,3,0,3
42,0,0,179,0,2,5,3,1231,4,1,79,4,2,1,1,1,6272,12858,7,0,16,3,1,1,10,3,4,4,3,0,3,2,2,2
60,0,2,696,2,7,4,2,1233,2,1,52,4,2,7,4,0,5220,10893,0,1,18,3,2,1,12,3,3,11,7,1,9,0,2,3
32,0,1,1316,1,2,2,1,1235,4,0,38,3,2,6,3,2,4998,2338,4,1,14,3,4,0,10,2,3,8,7,0,7,3,2,1
40,0,2,107,2,10,3,5,1239,2,0,84,2,2,7,2,0,6852,11591,7,0,12,3,2,1,7,2,4,5,1,1,3,2,0,2
25,0,2,1356,2,10,4,1,1240,3,1,57,3,2,7,4,2,4950,20623,0,0,14,3,2,0,5,4,3,4,3,1,1,2,2,0
31,0,2,1332,1,11,2,3,1251,3,1,80,3,2,0,1,1,6833,17089,1,1,12,3,4,0,6,2,2,6,5,0,1,3,0,1
31,0,2,1062,1,24,3,3,1252,3,0,96,2,2,0,1,2,6812,17198,1,0,19,3,2,0,10,2,3,10,9,1,8,3,0,1
59,0,2,326,2,3,3,1,1254,3,0,48,2,2,7,4,2,5171,16490,5,0,17,3,4,0,13,2,3,6,1,0,5,3,2,3
36,0,1,469,1,3,3,5,1257,3,1,46,3,1,6,2,1,3692,9256,1,0,12,3,3,0,12,2,2,11,10,0,7,0,2,2
48,0,2,969,1,2,2,5,1258,4,1,76,4,1,2,2,2,2559,16620,5,0,11,3,3,0,7,4,2,1,0,0,0,1,1,3
29,0,2,1329,1,7,3,1,1260,3,1,82,3,2,0,4,0,6623,4204,1,1,11,3,2,2,6,2,3,6,0,1,0,3,0,1
29,0,2,694,1,1,3,1,1264,4,0,87,2,4,5,4,0,16124,3423,3,0,14,3,2,2,9,2,2,7,7,1,7,3,0,1
33,0,2,536,2,10,5,2,1268,4,1,82,4,3,7,3,0,8380,21708,0,1,14,3,4,2,10,3,3,9,8,0,8,3,0,1
19,0,2,265,1,25,3,1,1269,2,0,57,4,1,6,4,2,2994,21221,1,1,12,3,4,0,1,2,3,1,0,0,1,1,1,0
25,1,1,599,2,24,1,1,1273,3,1,73,1,1,8,4,2,1118,8040,1,1,14,3,4,0,1,4,3,1,0,1,0,1,1,0
34,0,2,131,2,2,3,2,1281,3,0,86,3,2,7,1,2,4538,6039,0,1,12,3,4,0,4,3,3,3,2,0,2,2,2,1
34,0,1,135,1,19,3,3,1285,3,0,46,3,2,2,2,0,4444,22534,4,0,13,3,3,2,15,2,4,11,8,5,10,0,2,1
28,0,1,791,1,1,4,3,1286,4,1,44,3,1,2,3,2,2154,6842,0,1,11,3,3,0,5,2,2,4,2,0,2,2,1,1
35,0,2,735,1,6,1,1,1291,3,1,66,3,1,6,3,1,3506,6020,0,1,14,3,4,0,4,3,3,3,2,2,2,2,1,1
42,0,2,603,1,7,4,3,1292,2,0,78,4,2,6,2,1,2372,5628,6,1,16,3,4,0,18,2,3,1,0,0,0,1,1,2
44,1,2,621,1,15,3,3,1295,1,0,73,3,3,0,4,1,7978,14075,1,0,11,3,4,1,10,2,3,10,7,0,5,3,0,2
28,0,1,193,1,2,3,1,1296,4,1,52,2,1,2,4,1,3867,14222,1,1,12,3,2,1,2,2,3,2,2,2,2,1,2,1
30,0,0,879,1,9,2,3,1298,3,0,72,3,2,4,3,2,4695,12858,7,1,18,3,3,0,10,3,3,8,4,1,7,3,2,1
28,0,2,640,1,1,3,5,1301,4,1,84,3,1,6,1,2,2080,4732,2,0,11,3,2,0,5,2,2,3,2,1,2,2,1,1
25,0,2,266,1,1,3,3,1303,4,0,40,3,1,6,2,2,2096,18830,1,0,18,3,4,0,2,3,2,2,2,2,1,1,1,0
32,0,2,604,2,8,3,3,1304,3,1,56,4,2,7,4,1,6209,11693,1,0,15,3,3,2,10,4,4,10,7,0,8,3,2,1
58,0,2,848,1,23,4,1,1308,1,1,88,3,1,6,3,0,2372,26076,1,0,12,3,4,2,2,3,3,2,2,2,2,1,1,3
32,1,2,1089,1,7,2,1,1309,4,1,79,3,2,2,3,1,4883,22845,1,0,18,3,1,1,10,3,3,10,4,1,1,3,2,1
39,1,2,360,1,23,3,3,1310,3,1,93,3,1,6,1,2,3904,22154,0,0,13,3,1,0,6,2,3,5,2,0,3,2,2,2
46,0,2,991,0,1,2,1,1314,4,0,44,3,1,1,1,2,3423,22957,6,0,12,3,3,0,10,3,4,7,6,5,7,3,1,3
40,1,2,299,2,25,4,2,1318,4,1,57,2,3,7,2,2,9094,17235,2,1,12,3,3,0,9,2,3,5,4,1,0,2,0,2
31,1,1,1060,2,1,3,1,1331,4,0,54,3,1,8,2,2,2302,8319,1,1,11,3,1,0,3,2,4,3,2,2,2,2,1,1
44,1,2,935,1,3,3,1,1333,1,1,89,3,1,2,1,1,2362,14669,4,0,12,3,3,0,10,4,4,3,2,1,2,2,1,2
41,0,1,1018,2,1,3,2,1349,3,0,66,3,2,7,1,0,4103,4297,0,0,17,3,4,1,10,2,3,9,3,1,7,3,2,2
35,0,1,482,1,4,4,1,1350,3,1,87,3,2,6,3,2,4249,2690,1,1,11,3,2,0,9,3,3,9,6,1,1,3,2,1
38,0,2,1009,2,2,2,1,1355,2,0,31,3,2,7,1,0,6893,19461,3,0,15,3,4,1,11,3,3,7,7,1,7,3,0,2
48,0,2,855,1,4,3,1,1363,4,1,54,3,3,4,4,2,7898,18706,1,0,11,3,3,0,11,2,3,10,9,0,8,3,0,3
27,0,2,1291,2,11,3,3,1364,3,0,98,4,1,8,4,1,2534,6527,8,0,14,3,2,1,5,4,3,1,0,0,0,1,1,1
31,1,1,703,2,2,3,1,1379,3,0,90,2,1,8,4,2,2785,11882,7,0,14,3,3,0,3,3,4,1,0,0,0,1,1,1
34,0,2,404,1,2,4,5,1383,3,0,98,3,2,0,4,2,6687,6163,1,0,11,3,4,0,14,2,4,14,11,4,11,0,0,1
39,0,2,1498,2,21,4,1,1390,1,1,44,2,2,7,4,1,6120,3567,3,1,12,3,4,2,8,2,4,5,4,1,4,2,2,2
41,0,1,1200,1,22,3,1,1392,4,0,75,3,2,6,4,0,5467,13953,3,1,14,3,1,2,12,4,2,6,2,3,3,3,2,2
37,0,2,1439,1,4,1,1,1394,3,1,54,3,1,6,3,1,2996,5182,7,1,15,3,4,0,8,2,3,6,4,1,3,3,1,2
33,0,1,1111,2,5,1,1,1395,2,1,61,3,2,7,4,1,9998,19293,6,0,13,3,1,0,8,2,4,5,4,1,2,2,0,1
25,0,2,1372,2,18,1,1,1399,1,1,93,4,2,7,3,1,6232,12477,2,0,11,3,2,0,6,3,2,3,2,1,2,2,2,0
27,0,2,205,2,10,3,2,1403,4,0,98,2,2,7,4,1,5769,7100,1,1,11,3,4,0,6,3,3,6,2,4,4,3,2,1
26,0,2,683,1,2,1,3,1407,1,1,36,2,1,6,4,2,3904,4050,0,0,12,3,4,0,5,2,3,4,3,1,1,2,2,1
35,0,1,200,1,18,2,1,1412,3,1,60,3,3,4,4,2,9362,19944,2,0,11,3,3,0,10,2,3,2,2,2,2,1,0,1
25,0,2,949,1,1,3,5,1415,1,1,81,3,1,2,4,1,3229,4910,4,0,11,3,2,1,7,2,2,3,2,0,2,2,1,0
26,0,2,652,1,7,3,4,1417,3,1,100,4,1,2,1,2,3578,23577,0,0,12,3,4,0,8,2,3,7,7,0,7,3,1,1
29,0,2,332,0,17,3,4,1419,2,1,51,2,3,1,1,2,7988,9769,1,0,13,3,1,0,10,3,2,10,9,0,9,3,0,1
36,0,2,1174,2,3,4,2,1425,1,0,99,3,2,7,2,2,9278,20763,3,1,16,3,4,0,15,3,3,5,4,0,1,2,0,2
31,1,1,667,2,1,4,1,1427,2,0,50,1,1,8,3,2,1359,16154,1,0,12,3,2,0,1,3,3,1,0,0,0,1,1,1
30,0,2,855,2,7,4,2,1428,4,0,73,3,2,7,1,0,4779,12761,7,0,14,3,2,2,8,3,3,3,2,0,2,2,2,1
31,0,2,182,1,8,5,1,1430,1,0,93,3,4,5,2,2,16422,8847,3,0,11,3,3,0,9,3,4,3,2,1,0,2,0,1
34,0,1,560,1,1,4,4,1431,4,1,91,3,1,6,1,0,2996,20284,5,0,14,3,3,2,10,2,3,4,3,1,3,2,1,1
31,1,2,202,1,8,3,1,1433,1,0,34,2,1,6,2,2,1261,22262,1,0,12,3,3,0,1,3,4,1,0,0,0,1,1,1
27,0,2,1377,1,11,1,1,1434,2,1,91,3,1,2,1,1,2099,7679,0,0,14,3,2,0,6,3,4,5,0,1,4,2,1,1
36,0,2,172,1,4,4,1,1435,1,1,37,2,2,2,4,2,5810,22604,1,0,16,3,3,0,10,2,2,10,4,1,8,3,2,2
36,0,2,329,2,16,4,2,1436,3,0,98,2,2,7,1,1,5647,13494,4,0,13,3,1,2,11,3,2,3,2,0,2,2,2,2
47,0,2,465,1,1,3,5,1438,1,1,74,3,1,6,4,1,3420,10205,7,0,12,3,3,1,17,2,2,6,5,1,2,3,1,3
25,1,2,383,2,9,2,1,1439,1,1,68,2,1,8,1,1,4400,15182,3,0,12,3,1,0,6,2,3,3,2,2,2,2,2,0
37,0,0,1413,1,5,2,5,1440,3,1,84,4,1,2,3,2,3500,25470,0,0,14,3,1,0,7,2,1,6,5,1,3,3,1,2
24,0,2,1476,2,4,1,3,1445,4,0,42,3,2,7,3,1,4162,15211,1,1,12,3,3,2,5,3,3,5,4,0,3,2,2,0
32,0,2,601,2,7,5,2,1446,4,1,97,3,2,7,4,1,9204,23343,4,0,12,3,3,1,7,3,2,4,3,0,3,2,0,1
34,0,2,401,1,1,3,1,1447,4,0,86,2,1,2,2,1,3294,3708,5,0,17,3,1,1,7,2,2,5,4,0,2,2,1,1
40,0,0,663,1,9,4,4,1449,3,1,81,3,2,2,3,0,3975,23099,3,0,11,3,3,2,11,2,4,8,7,0,7,3,2,2
31,1,1,1445,1,1,5,1,1459,3,0,100,4,3,4,2,2,7446,8931,1,0,11,3,1,0,10,2,3,10,8,4,7,3,0,1
31,1,1,523,1,2,3,1,1464,2,1,94,3,1,2,4,1,3722,21081,6,1,13,3,3,1,7,2,1,2,2,2,2,1,2,1
45,0,2,1448,1,29,3,5,1465,2,1,55,3,3,4,4,1,9380,14720,4,1,18,3,4,2,10,4,4,3,1,1,2,2,0,2
28,0,2,866,2,5,3,3,1469,4,1,84,3,2,7,1,2,8463,23490,0,0,18,3,4,0,6,4,3,5,4,1,3,2,0,1
40,0,2,896,1,2,3,3,1474,3,1,68,3,1,6,3,0,2345,8045,2,0,14,3,3,1,8,3,4,3,1,1,2,2,1,2
44,0,2,1467,1,20,3,1,1475,4,1,49,3,1,6,2,2,3420,21158,1,0,13,3,3,0,6,3,2,5,2,1,3,2,1,2
33,0,1,430,2,7,3,3,1477,4,1,54,3,2,7,1,1,4373,17456,0,0,14,3,1,2,5,2,3,4,3,0,3,2,2,1
30,0,2,1358,2,16,1,1,1479,4,1,96,3,2,7,3,1,5301,2939,8,0,15,3,3,2,4,2,2,2,1,2,2,1,2,1
42,0,1,748,1,9,2,3,1480,1,0,74,3,1,2,4,2,3673,16458,1,0,13,3,3,0,12,3,3,12,9,5,8,0,2,2
44,0,1,383,2,1,5,2,1481,1,0,79,3,2,7,3,1,4768,9282,7,0,12,3,3,1,11,4,2,1,0,0,0,1,2,2
30,0,0,990,1,7,3,5,1482,3,1,64,3,1,6,3,0,1274,7152,1,0,13,3,2,2,1,2,2,1,0,0,0,1,1,1
28,1,1,1496,2,1,3,5,1486,1,1,92,3,1,8,3,1,2909,15747,3,0,15,3,4,1,5,3,4,3,2,1,2,2,1,1
29,1,1,115,2,13,3,5,1487,1,0,51,3,2,7,2,2,5765,17485,5,0,11,3,1,0,7,4,1,5,3,0,0,2,2,1
35,0,2,660,2,7,1,1,1492,4,1,76,3,1,8,3,1,2404,16192,1,0,13,3,1,1,1,3,3,1,0,0,0,1,1,1
24,1,1,381,1,9,3,3,1494,2,1,89,3,1,2,1,2,3172,16998,2,1,11,3,3,0,4,2,2,0,0,0,0,1,1,0
24,0,0,830,2,13,2,1,1495,4,0,78,3,1,8,2,1,2033,7103,1,0,13,3,3,1,1,2,3,1,0,0,0,1,1,0
44,0,1,1193,1,2,1,3,1496,2,1,86,3,3,4,3,2,10209,19719,5,1,18,3,2,0,16,2,2,2,2,2,2,1,0,2
29,0,2,1246,2,19,3,1,1497,3,1,77,2,2,7,3,0,8620,23757,1,0,14,3,3,2,10,3,3,10,7,0,4,3,0,1
55,0,2,1229,1,4,4,1,1501,4,1,30,3,2,0,3,1,4035,16143,0,1,16,3,2,0,4,2,3,3,2,1,2,2,2,3
47,0,2,571,2,14,3,3,1503,3,0,78,3,2,7,3,1,4591,24200,3,1,17,3,3,1,11,4,2,5,4,1,2,2,2,3
28,1,1,289,1,2,2,3,1504,3,1,38,2,1,2,1,2,2561,5355,7,0,11,3,3,0,8,2,2,0,0,0,0,1,1,1
28,0,2,1423,1,1,3,1,1506,1,1,72,2,1,6,3,0,1563,12530,1,0,14,3,4,1,1,2,1,1,0,0,0,1,1,1
28,0,2,1083,1,29,1,1,1514,3,1,96,1,2,4,2,1,6549,3173,1,0,14,3,2,2,8,2,2,8,6,1,7,3,0,1
29,1,2,224,1,1,4,5,1522,1,1,100,2,1,6,1,2,2362,7568,6,0,13,3,3,0,11,2,1,9,7,0,7,3,1,1
39,0,2,1089,1,6,3,1,1525,2,0,32,3,3,4,2,2,8376,9150,4,0,18,3,4,0,9,3,3,2,0,2,2,1,0,2
35,0,2,1029,1,16,3,1,1529,4,0,91,2,3,0,2,2,8606,21195,1,0,19,3,4,0,11,3,1,11,8,3,3,0,0,1
23,0,2,507,1,20,1,1,1533,1,1,97,3,2,2,3,2,2272,24812,0,0,14,3,2,0,5,2,3,4,3,1,2,2,1,0
40,1,2,676,1,9,4,1,1534,4,1,86,3,1,2,1,2,2018,21831,3,0,14,3,2,0,15,3,1,5,4,1,0,2,1,2
42,0,2,1210,1,2,3,3,1542,3,1,68,2,1,2,2,1,4841,24052,4,0,14,3,2,1,4,3,3,1,0,0,0,1,2,2
37,0,2,674,1,13,3,3,1543,1,1,47,3,2,6,4,1,4285,3031,1,0,17,3,1,0,10,2,3,10,8,3,7,3,2,2
29,0,2,441,1,8,1,4,1544,3,0,39,1,2,0,1,1,9715,7288,3,0,13,3,3,1,9,3,3,7,7,0,7,3,0,1
33,0,2,575,1,25,3,1,1545,4,1,44,2,2,4,2,2,4320,24152,1,0,13,3,4,0,5,2,3,5,3,0,2,2,2,1
33,0,2,589,1,28,4,1,1549,2,1,79,3,2,2,3,1,5207,22949,1,1,12,3,2,1,15,3,3,15,14,5,7,0,2,1
40,0,0,1142,1,8,2,1,1552,4,1,72,3,2,0,4,0,4069,8841,3,1,18,3,3,0,8,2,3,2,2,2,2,1,2,2
32,0,2,824,1,5,2,1,1555,4,0,67,2,2,6,2,1,5878,15624,3,0,12,3,1,1,12,2,3,7,1,2,5,3,2,1
29,0,2,598,1,9,3,1,1558,3,1,91,4,1,6,3,1,2451,22376,6,0,18,3,1,2,5,2,2,1,0,0,0,1,1,1
38,0,1,888,0,10,4,0,1563,3,1,71,3,2,1,3,1,6077,14814,3,0,11,3,3,0,10,2,3,6,3,1,2,3,2,2
35,0,2,992,1,1,3,3,1564,4,1,68,2,1,2,1,2,2450,21731,1,0,19,3,2,0,3,3,3,3,0,1,2,2,1,1
30,0,2,1288,2,29,4,5,1568,3,1,33,3,3,7,2,1,9250,17799,3,0,12,3,2,1,9,3,3,4,2,1,3,2,0,1
35,1,2,104,1,2,3,1,1569,1,0,69,3,1,2,1,0,2074,26619,1,1,12,3,4,1,1,2,3,1,0,0,0,1,1,1
38,1,2,903,1,2,3,3,1573,3,1,81,3,2,4,2,1,4855,7653,4,0,11,3,1,2,7,2,3,5,2,1,4,2,2,2
32,0,0,1200,1,1,4,5,1574,4,1,62,3,2,6,1,1,4087,25174,4,0,14,3,2,1,9,3,2,6,5,1,2,3,2,1
34,0,2,479,1,7,4,3,1577,1,1,35,3,1,6,4,2,2972,22061,1,0,13,3,3,0,1,4,1,1,0,0,0,1,1,1
29,0,2,1370,1,3,1,3,1586,2,1,87,3,1,2,1,2,4723,16213,1,1,18,3,4,0,10,3,3,10,9,1,5,3,2,1
35,0,2,670,1,10,4,3,1587,1,0,51,3,2,0,3,2,6142,4223,3,1,16,3,3,0,10,4,3,5,2,0,4,2,2,1
23,0,2,977,1,10,3,5,1592,4,1,45,4,1,6,3,1,2073,12826,2,0,16,3,4,1,4,2,3,2,2,2,2,1,1,0
36,0,1,1302,1,6,4,1,1594,1,1,80,4,2,2,1,1,5562,19711,3,1,13,3,4,1,9,3,3,3,2,0,2,2,2,2
40,0,2,118,2,14,2,1,1598,4,0,84,3,2,7,1,1,4639,11262,1,0,15,3,3,1,5,2,3,5,4,1,2,2,2,2
22,0,0,457,1,26,2,4,1605,2,0,85,2,1,6,3,1,2814,10293,1,1,14,3,2,0,4,2,2,4,2,1,3,2,1,0
32,0,2,634,1,5,4,4,1607,2,0,35,4,1,6,4,1,3312,18783,3,0,17,3,4,2,6,3,3,3,2,0,2,2,1,1
30,0,2,241,1,7,3,3,1609,2,1,48,2,1,6,2,1,2141,5348,1,0,12,3,2,1,6,3,2,6,4,1,1,3,1,1
45,0,2,1015,1,5,5,3,1611,3,0,50,1,2,2,1,2,5769,23447,1,1,14,3,1,0,10,3,3,10,7,1,4,3,2,2
45,0,0,336,2,26,3,2,1612,1,1,52,2,2,7,1,1,4385,24162,1,0,15,3,1,1,10,2,3,10,7,4,5,3,2,2
31,0,1,715,2,2,4,4,1613,4,1,54,3,2,7,1,2,5332,21602,7,0,13,3,4,0,10,3,3,5,2,0,3,2,2,1
49,0,2,722,1,25,4,1,1617,3,0,84,3,1,2,1,1,3211,22102,1,0,14,3,4,1,10,3,2,9,6,1,4,3,1,3
27,0,2,1302,1,19,3,4,1619,4,1,67,2,1,2,1,0,4066,16290,1,0,11,3,1,2,7,3,3,7,7,0,7,3,2,1
21,0,2,546,1,5,1,3,1623,3,1,97,3,1,6,4,2,3117,26009,1,0,18,3,3,0,3,2,3,2,2,2,2,1,1,0
18,1,1,544,2,3,2,3,1624,2,0,70,3,1,8,4,2,1569,18420,1,1,12,3,3,0,0,2,4,0,0,0,0,1,1,0
39,0,2,170,1,3,2,3,1627,3,1,76,2,2,2,3,0,3069,10302,0,0,15,3,4,1,11,3,3,10,8,0,7,3,1,2
39,0,1,711,1,4,3,3,1633,1,0,81,3,2,4,3,2,5042,3140,0,0,13,3,4,0,10,2,1,9,2,3,8,3,2,2
45,0,2,1329,1,2,2,4,1635,4,0,59,2,2,4,4,0,5770,5388,1,0,19,3,1,2,10,3,3,10,7,3,9,3,2,2
40,0,2,448,1,16,3,1,1641,3,0,84,3,3,4,4,2,7945,19948,6,1,15,3,4,0,18,2,2,4,2,3,3,2,0,2
44,0,1,602,0,1,5,0,1642,1,1,37,3,2,1,4,1,5743,10503,4,1,11,3,3,0,14,3,3,10,7,0,2,3,2,2
35,1,2,763,2,15,2,3,1645,1,1,59,1,2,7,4,0,5440,22098,6,1,14,3,4,2,7,2,2,2,2,2,2,1,2,1
24,0,1,567,1,2,1,5,1646,1,0,32,3,1,6,4,2,3760,17218,1,1,13,3,3,0,6,2,3,6,3,1,3,3,2,0
40,1,2,1329,1,7,3,1,1649,1,1,73,3,1,2,1,2,2166,3339,3,1,14,3,2,0,10,3,1,4,2,0,3,2,1,2
20,0,2,1141,2,2,3,3,1657,3,0,31,3,1,8,3,2,2783,13251,1,0,19,3,1,0,2,3,3,2,2,2,2,1,1,0
36,0,2,311,1,7,3,1,1659,1,1,77,3,1,2,2,2,2013,10950,2,0,11,3,3,0,15,4,3,4,3,1,3,2,1,2
38,0,1,1189,1,1,3,1,1668,4,1,90,3,2,6,4,1,4735,9867,7,0,15,3,4,2,19,4,4,13,11,2,9,0,2,2
29,0,2,991,2,5,3,3,1669,1,1,43,2,2,7,2,0,4187,3356,1,1,13,3,2,1,10,3,2,10,0,0,9,3,2,1
32,0,2,977,1,2,3,3,1671,4,1,45,3,2,6,2,0,5470,25518,0,0,13,3,3,2,10,4,2,9,5,1,6,3,2,1
31,0,2,1112,2,5,4,1,1673,1,0,67,3,2,7,4,1,5476,22589,1,0,11,3,1,2,10,2,3,10,0,0,2,3,2,1
49,0,2,464,1,16,3,3,1674,4,0,74,3,1,2,1,0,2587,24941,4,1,16,3,2,1,17,2,2,2,2,2,2,1,1,3
49,0,2,809,1,1,3,1,1677,3,1,36,3,4,3,3,2,15379,22384,4,0,14,3,1,0,23,2,3,8,7,0,0,3,0,3
41,0,2,1206,2,23,2,1,1678,4,1,80,3,3,7,3,2,7082,11591,3,1,16,3,4,0,21,2,3,2,0,0,2,1,0,2
20,0,2,727,2,9,1,1,1680,4,1,54,3,1,8,1,2,2728,21082,1,0,11,3,1,0,2,3,3,2,2,0,2,1,1,0
36,0,2,1351,1,26,4,1,1682,1,1,80,3,2,0,3,1,5347,7419,6,0,14,3,2,2,10,2,2,3,2,0,2,2,2,2
23,1,2,1320,1,8,1,3,1684,4,1,93,2,1,2,3,2,3989,20586,1,1,11,3,1,0,5,2,3,5,4,1,2,2,2,0
53,0,2,1395,1,24,4,3,1689,2,1,48,4,3,0,4,1,7005,3458,3,0,15,3,3,0,11,2,3,4,3,1,2,2,0,3
32,1,2,1259,1,2,4,1,1692,4,1,95,3,1,2,2,2,1393,24852,1,0,12,3,1,0,1,2,3,1,0,0,0,1,1,1
55,0,2,1441,1,22,3,5,1694,1,1,94,2,1,6,2,0,3537,23737,5,0,12,3,4,1,8,1,3,4,2,1,2,2,1,3
37,0,1,1278,2,1,4,3,1700,3,1,31,1,2,7,4,0,9525,7677,1,0,14,3,3,2,6,2,2,6,3,1,3,3,0,2
35,0,1,146,1,2,4,3,1704,1,1,79,2,1,6,4,2,4930,13970,0,1,14,3,3,0,6,2,4,5,4,1,4,2,2,1
24,0,2,581,1,9,3,3,1707,3,1,62,4,1,6,3,1,4401,17616,1,0,16,3,4,1,5,1,3,5,3,0,4,2,2,0
24,1,2,240,0,22,1,0,1714,4,1,58,1,1,1,3,1,1555,11585,1,0,11,3,3,1,1,2,3,1,0,0,0,1,1,0
32,0,1,585,1,10,3,1,1720,1,1,56,3,1,6,3,1,3433,17360,6,0,13,3,1,1,10,3,2,5,2,1,3,2,1,1
31,0,2,741,1,2,4,1,1721,2,1,69,3,1,2,3,1,3477,18103,1,0,14,3,4,1,6,2,4,5,2,0,3,2,1,1
41,0,0,552,0,4,3,0,1722,3,1,60,1,2,1,2,1,6430,20794,6,0,19,3,2,1,10,4,3,3,2,1,2,2,2,2
40,0,2,369,1,8,2,1,1724,2,0,92,3,2,4,1,1,6516,5041,2,1,16,3,2,1,18,3,3,1,0,0,0,1,2,2
46,0,2,717,1,13,4,1,1727,3,1,34,3,2,0,2,2,5562,9697,6,0,14,3,4,0,19,3,3,10,7,0,9,3,2,3
35,0,2,1370,1,27,4,1,1728,4,1,49,3,2,4,3,1,6883,5151,2,0,16,3,2,1,17,3,3,7,7,0,7,3,0,1
30,0,2,793,1,16,1,1,1729,2,1,33,3,1,6,4,1,2862,3811,1,0,12,3,2,1,10,2,2,10,0,0,8,3,1,1
47,0,0,543,2,2,4,2,1731,3,1,87,3,2,7,2,1,4978,3536,7,0,11,3,4,1,4,3,1,1,0,0,0,1,2,3
32,1,2,964,2,1,2,1,1734,1,1,34,1,2,7,2,2,6735,12147,6,0,15,3,2,0,10,2,3,0,0,0,0,1,0,1
23,0,2,160,1,4,1,3,1735,3,0,51,3,1,2,2,2,3295,12862,1,0,13,3,3,0,3,3,1,3,2,1,2,2,1,0
39,0,0,792,1,1,3,1,1737,4,1,77,3,2,2,4,1,6472,8989,1,1,15,3,4,1,9,2,3,9,8,5,8,3,2,2
32,0,2,371,2,19,3,1,1739,4,1,80,1,3,7,3,1,9610,3840,3,0,13,3,3,1,10,2,1,4,3,0,2,2,0,1
30,0,1,1312,1,2,4,5,1745,4,0,78,2,1,6,1,2,4968,26427,0,0,16,3,4,0,10,2,3,9,7,0,7,3,2,1
24,0,1,897,0,10,3,3,1746,1,1,59,3,1,1,4,1,2145,2097,0,0,14,3,4,1,3,2,3,2,2,2,1,1,1,0
31,0,2,1003,2,5,3,5,1749,1,1,51,3,2,7,3,1,8346,20943,1,0,19,3,3,1,6,3,3,5,2,0,2,2,0,1
29,1,2,428,2,9,3,2,1752,2,0,52,1,1,8,2,2,2760,14630,1,0,13,3,3,0,2,3,3,2,2,2,2,1,1,1
30,0,2,979,2,15,2,2,1754,3,1,94,2,3,7,1,0,7140,3088,2,0,11,3,1,1,12,2,3,7,7,1,7,3,0,1
33,0,0,1283,2,2,3,2,1756,4,0,62,3,2,7,2,2,5147,10697,8,0,15,3,4,0,13,2,2,11,7,1,7,0,2,1
49,0,2,1313,2,11,4,2,1757,4,0,80,3,2,7,4,2,4507,8191,3,0,12,3,3,0,8,1,4,5,1,0,4,2,2,3
38,0,1,594,1,2,2,3,1760,3,0,75,2,1,2,2,1,2468,15963,4,0,14,3,2,1,9,4,2,6,1,0,5,3,1,2
29,0,2,590,1,4,3,5,1762,4,0,91,2,1,6,1,0,2109,10007,1,0,13,3,3,1,1,2,3,1,0,0,0,1,1,1
30,0,2,305,1,16,3,1,1763,3,1,58,4,2,0,3,1,5294,9128,3,0,16,3,3,1,10,3,3,7,0,1,7,3,2,1
32,0,0,953,1,5,4,5,1764,2,1,65,3,1,6,2,2,2718,17674,2,0,14,3,2,0,12,3,3,7,7,0,7,3,1,1
38,0,2,833,1,18,3,3,1766,2,1,60,1,2,0,4,1,5811,24539,3,1,16,3,3,1,15,2,3,1,0,1,0,1,2,2
33,0,0,775,1,4,3,5,1771,4,1,90,3,2,6,2,0,3055,6194,5,0,15,3,4,2,11,2,2,9,8,1,7,3,1,1
34,0,0,1375,2,10,3,1,1774,4,1,87,3,2,7,3,0,4001,12313,1,1,14,3,3,1,15,3,3,15,14,0,7,0,2,1
34,0,2,511,2,3,2,1,1779,4,0,32,1,2,7,4,2,6029,25353,5,0,12,3,1,0,6,3,3,2,2,2,2,1,2,1
21,1,2,337,2,7,1,2,1780,2,1,31,3,1,8,2,2,2679,4567,1,0,13,3,2,0,1,3,3,1,0,1,0,1,1,0
38,0,2,1153,1,6,2,4,1782,4,0,40,2,1,2,3,1,3702,16376,1,0,11,3,2,1,5,3,3,5,4,0,4,2,2,2
31,0,2,196,2,29,4,2,1784,1,0,91,2,2,7,4,1,5468,13402,1,0,14,3,1,2,13,3,3,12,7,5,7,0,2,1
51,0,2,942,1,3,3,5,1786,1,0,53,3,3,3,3,1,13116,22984,2,0,11,3,4,0,15,2,3,2,2,2,2,1,0,3
37,0,2,589,2,9,2,2,1787,2,1,46,2,2,7,2,1,4189,8800,1,0,14,3,1,2,5,2,3,5,2,0,3,2,2,2
36,0,2,1383,1,10,3,1,1790,4,1,90,3,3,0,1,1,8321,25949,7,1,13,3,4,1,15,1,3,12,8,5,7,0,0,2
37,0,2,1239,0,8,2,4,1794,3,1,89,3,2,1,2,0,4071,12832,2,0,13,3,3,0,19,4,2,10,0,4,7,3,2,2
46,0,0,849,2,26,2,1,1801,2,1,98,2,2,7,2,2,7991,25166,8,0,15,3,3,0,6,3,3,2,2,2,2,1,0,3
42,0,2,1128,1,13,3,3,1803,2,1,95,4,2,0,1,1,5538,5696,5,0,18,3,3,2,10,2,2,0,0,0,0,1,2,2
34,1,1,234,1,9,4,1,1807,4,1,93,3,2,2,1,1,5346,6208,4,0,17,3,3,1,11,3,2,7,1,0,7,3,2,1
37,1,2,370,1,10,4,3,1809,4,1,58,3,2,4,1,2,4213,4992,1,0,15,3,2,0,10,4,1,10,3,0,8,3,2,2
43,0,0,343,1,9,3,1,1813,1,1,52,3,1,6,3,2,2438,24978,4,0,13,3,3,0,7,2,2,3,2,1,2,2,1,2
41,0,2,447,1,5,3,1,1814,2,1,85,4,2,0,2,2,6870,15530,3,0,12,3,1,0,11,3,1,3,2,1,2,2,0,2
26,1,2,920,0,20,2,3,1818,4,0,69,3,1,1,2,1,2148,6889,0,1,11,3,3,0,6,3,3,5,1,1,4,2,1,1
40,0,2,1194,1,1,3,1,1822,3,0,52,3,2,0,4,0,6513,9060,4,0,17,3,4,1,12,3,3,5,3,0,3,2,2,2
35,0,2,185,1,23,4,3,1826,2,1,91,1,1,2,3,1,2705,9696,0,0,16,3,2,1,6,2,4,5,4,0,3,2,1,1
54,0,2,431,1,7,4,3,1830,4,0,68,3,2,6,4,1,6854,15696,4,0,15,3,2,1,14,2,2,7,1,1,7,3,0,3
31,0,1,1125,2,7,4,2,1833,1,0,68,3,3,7,1,1,9637,8277,2,0,14,3,4,2,9,3,3,3,2,2,2,2,0,1
26,0,2,572,2,10,3,3,1836,3,1,46,3,2,7,4,2,4684,9125,1,0,13,3,1,0,5,4,3,5,3,1,2,2,2,1
58,0,1,1216,1,15,4,1,1837,1,1,87,3,4,5,3,1,15787,21624,2,1,14,3,2,0,23,3,3,2,2,2,2,1,0,3
18,0,0,1431,1,14,3,3,1839,2,0,33,3,1,6,3,2,1514,8018,1,0,16,3,3,0,0,4,1,0,0,0,0,1,1,0
31,1,2,359,0,18,5,0,1842,4,1,89,4,1,1,1,1,2956,21495,0,0,17,3,3,0,2,4,3,1,0,0,0,1,1,1
27,0,1,1297,1,5,2,1,1850,4,0,53,3,1,2,4,2,2379,19826,0,1,14,3,3,0,6,3,2,5,4,0,2,2,1,1
29,0,1,574,1,20,1,3,1852,4,1,40,3,1,2,4,1,3812,7003,1,0,13,3,2,0,11,3,4,11,8,3,10,0,2,1
32,0,1,1318,2,10,4,2,1853,4,1,79,3,2,7,4,2,4648,26075,8,0,13,3,3,0,4,2,4,0,0,0,0,1,2,1
47,0,2,207,1,9,4,1,1856,2,0,64,3,1,2,3,2,2105,5411,4,0,12,3,3,0,7,2,3,2,2,2,0,1,1,3
46,0,2,706,1,2,2,1,1857,4,1,82,3,3,4,4,0,8578,19989,3,0,14,3,3,1,12,4,2,9,8,4,7,3,0,3
28,0,0,280,0,1,2,1,1858,3,1,43,3,1,1,4,0,2706,10494,1,0,15,3,2,1,3,2,3,3,2,2,2,2,1,1
29,0,2,726,1,29,1,1,1859,4,1,93,1,2,0,3,0,6384,21143,8,0,17,3,4,2,11,3,3,7,0,1,6,3,2,1
42,0,2,1142,1,8,3,1,1860,4,1,81,3,1,2,3,2,3968,13624,4,0,13,3,4,0,8,3,3,0,0,0,0,1,2,2
32,1,2,414,2,2,4,2,1862,3,1,82,2,2,7,2,2,9907,26186,7,1,12,3,3,0,7,3,2,2,2,2,2,1,0,1
29,0,2,352,0,6,1,3,1865,4,1,87,2,1,1,2,1,2804,15434,1,0,11,3,4,0,1,3,3,1,0,0,0,1,1,1
28,0,2,1172,2,3,3,3,1875,2,0,78,3,1,8,2,1,2856,3692,1,0,19,3,4,1,1,3,3,1,0,0,0,1,1,1
30,1,2,945,2,9,3,3,1876,2,1,89,3,1,8,4,2,1081,16019,1,0,13,3,3,0,1,3,2,1,0,0,0,1,1,1
36,0,2,1266,2,10,4,5,1880,2,0,63,2,2,7,3,1,5673,6060,1,1,13,3,1,1,10,4,3,10,9,1,7,3,2,2
31,0,2,311,1,20,3,1,1881,2,1,89,3,2,2,3,0,4197,18624,1,0,11,3,1,1,10,2,3,10,8,0,2,3,2,1
29,0,2,592,1,7,3,1,1883,4,1,59,3,1,2,1,2,2062,19384,3,0,14,3,2,0,11,2,3,3,2,1,2,2,1,1
35,0,2,219,1,16,2,4,1886,4,0,44,2,2,4,2,1,4788,25388,0,1,11,3,4,0,4,2,3,3,2,0,2,2,2,1
45,0,2,556,1,25,2,1,1888,2,0,93,2,2,4,4,1,5906,23888,0,0,13,3,4,2,10,2,2,9,8,3,8,3,2,2
26,0,2,482,1,1,2,1,1893,2,0,90,2,1,6,3,1,2933,14908,1,1,13,3,3,1,1,3,2,1,0,1,0,1,1,1
56,1,2,1162,1,24,2,1,1907,1,1,97,3,1,2,4,2,2587,10261,1,0,16,3,4,0,5,3,3,4,2,1,0,2,1,3
36,0,2,335,2,17,2,2,1908,3,1,33,2,2,7,2,1,5507,16822,2,0,16,3,3,2,12,1,1,4,2,1,3,2,2,2
31,0,2,1079,2,10,2,3,1912,3,0,86,3,2,7,4,0,6583,20115,2,1,11,3,4,1,8,2,3,5,2,1,4,2,0,1
34,0,2,735,2,3,1,3,1915,4,0,75,2,2,7,4,1,8103,16495,3,1,12,3,3,0,9,3,2,4,2,0,1,2,0,1
45,0,1,1297,1,1,4,3,1922,2,1,44,3,2,0,3,2,5399,14511,4,0,12,3,3,0,12,3,3,4,2,0,3,2,2,2
33,0,2,217,2,10,4,2,1924,2,1,43,3,2,7,3,2,5487,10410,1,0,14,3,2,0,10,2,2,10,4,0,9,3,2,1
28,0,1,783,2,1,2,1,1927,3,1,42,2,2,7,4,1,6834,19255,1,1,12,3,3,1,7,2,3,7,7,0,7,3,0,1
29,1,1,746,2,24,3,5,1928,3,1,45,4,1,8,1,2,1091,10642,1,0,17,3,4,0,1,3,3,1,0,0,0,1,1,1
39,0,0,1251,2,21,4,1,1929,1,0,32,1,2,7,3,1,5736,3987,6,0,19,3,3,1,10,1,3,3,2,1,2,2,2,2
27,0,2,1354,1,2,4,5,1931,2,1,41,3,1,6,2,1,2226,6073,1,0,11,3,3,1,6,3,2,5,3,1,2,2,1,1
47,0,0,1169,1,14,4,5,1934,3,1,64,3,2,6,2,1,5467,2125,8,0,18,3,3,1,16,4,4,8,7,1,7,3,2,3
56,0,2,1443,2,11,5,2,1935,4,0,89,2,2,7,1,1,5380,20328,4,0,16,3,3,1,6,3,3,0,0,0,0,1,2,3
32,1,1,238,1,5,2,1,1939,1,0,47,4,1,6,3,2,2432,15318,3,1,14,3,1,0,8,2,3,4,1,0,3,2,1,1
42,0,2,419,2,12,4,2,1943,2,1,77,3,2,7,4,0,5087,2900,3,1,12,3,3,2,14,4,3,0,0,0,0,1,2,2
27,1,1,1337,0,22,3,0,1944,1,0,58,2,1,1,2,1,2863,19555,1,0,12,3,1,0,1,2,3,1,0,0,0,1,1,1
35,0,2,682,2,18,4,3,1945,2,1,71,3,2,7,1,1,5561,15975,0,0,16,3,4,1,6,2,1,5,3,0,4,2,2,1
28,0,0,1103,1,16,3,3,1947,3,1,49,3,1,6,3,2,2144,2122,1,0,14,3,3,0,5,3,2,5,3,1,4,2,1,1
31,0,0,976,1,3,2,3,1948,3,1,48,3,1,6,1,0,3065,3995,1,1,13,3,4,1,4,3,4,4,2,2,3,2,1,1
34,0,2,1239,2,13,4,3,1951,4,1,39,3,3,7,3,0,8628,22914,1,0,18,3,3,1,9,2,2,8,7,1,1,3,0,1
28,1,2,1404,1,17,3,5,1960,3,1,32,2,1,2,4,0,2367,18779,5,0,12,3,1,1,6,2,2,4,1,0,3,2,1,1
38,0,2,1404,2,1,3,1,1961,1,1,59,2,1,8,1,2,2858,11473,4,0,14,3,1,0,20,3,2,1,0,0,0,1,1,2
35,0,2,1224,2,7,4,1,1962,3,0,55,3,2,7,4,1,5204,13586,1,1,11,3,4,0,10,2,3,10,8,0,9,3,2,1
31,1,1,754,2,26,4,2,1967,1,1,63,3,2,7,4,1,5617,21075,1,1,11,3,3,0,10,4,3,10,7,0,8,3,2,1
53,1,2,1168,2,24,4,1,1968,1,1,66,3,3,7,1,2,10448,5843,6,1,13,3,2,0,15,2,2,2,2,2,2,1,0,3
43,0,2,574,1,11,3,1,1971,1,1,30,3,3,0,3,1,7510,16873,1,0,17,3,2,1,10,1,3,10,9,0,9,3,0,2
38,0,1,1444,0,1,4,4,1972,4,1,88,3,1,1,2,1,2991,5224,0,1,11,3,2,1,7,2,3,6,2,1,2,3,1,2
54,0,2,157,1,10,3,3,1980,3,0,77,3,2,4,1,2,4440,25198,6,1,19,3,4,0,9,3,3,5,2,1,4,2,2,3
24,0,2,771,1,1,2,1,1981,2,1,45,2,2,0,3,2,4617,14120,1,0,12,3,2,0,4,2,2,4,3,1,2,2,2,0
40,0,2,444,2,2,2,2,1986,2,0,92,3,2,7,2,1,5677,4258,3,0,14,3,3,1,15,4,3,11,8,5,10,0,2,2
25,0,2,309,0,2,3,0,1987,3,0,82,3,1,1,2,1,2187,19655,4,0,14,3,3,0,6,3,3,2,0,1,2,1,1,0
25,0,2,977,1,2,1,4,1992,4,1,57,3,1,2,3,0,3977,7298,6,1,19,3,3,1,7,2,2,2,2,0,2,1,2,0
38,0,2,1321,2,1,4,1,1995,4,1,86,3,2,7,2,1,4440,7636,0,0,15,3,1,2,16,3,3,15,13,5,8,0,2,2
31,0,2,1154,2,2,2,1,1996,1,1,54,3,1,8,3,1,3067,6393,0,0,19,3,3,1,3,1,3,2,2,1,2,1,1,1
42,0,2,557,1,18,4,1,1998,4,1,35,3,2,6,1,0,5410,11189,6,1,17,3,3,1,9,3,2,4,3,1,2,2,2,2
35,0,2,1490,1,11,4,3,2003,4,1,43,3,1,2,3,1,2660,20232,7,1,11,3,3,1,5,3,3,2,2,2,2,1,1,1
22,0,2,581,1,1,2,1,2007,4,1,63,3,1,6,3,2,3375,17624,0,0,12,3,4,0,4,2,4,3,2,1,2,2,1,0
32,0,2,267,1,29,4,1,2010,3,0,49,2,1,2,2,2,2837,15919,1,0,13,3,3,0,6,3,3,6,2,4,1,3,1,1
40,0,2,543,1,1,4,1,2012,1,1,83,3,1,2,4,1,2406,4060,8,0,19,3,3,2,8,3,2,1,0,0,0,1,1,2
32,0,2,234,2,1,4,3,2013,2,1,68,2,1,8,2,1,2269,18024,0,0,14,3,2,1,3,2,3,2,2,2,2,1,1,1
39,0,2,116,1,24,1,1,2014,1,1,52,3,2,6,4,2,4108,5340,7,0,13,3,1,0,18,2,3,7,7,1,7,3,2,2
32,0,2,801,2,1,4,2,2016,3,0,48,3,3,7,4,1,10422,24032,1,0,19,3,3,2,14,3,3,14,10,5,7,0,0,1
52,0,0,585,2,29,4,1,2019,1,1,40,3,1,8,4,0,3482,19788,2,0,15,3,2,2,16,3,2,9,8,0,0,3,1,3
44,0,2,1037,1,1,3,3,2020,2,1,42,3,1,6,4,2,2436,13422,6,1,12,3,3,0,6,2,3,4,3,1,2,2,1,2
23,1,1,638,2,9,3,2,2023,4,1,33,3,1,8,1,1,1790,26956,1,0,19,3,1,1,1,3,2,1,0,1,0,1,1,0
36,0,2,557,2,3,3,3,2024,1,0,94,2,3,7,4,1,7644,12695,0,0,19,3,3,2,10,2,3,9,7,3,4,3,0,2
32,0,2,529,1,2,3,5,2038,4,1,78,3,1,6,1,2,2439,11288,1,0,14,3,4,0,4,4,3,4,2,1,2,2,1,1
35,0,2,1146,0,26,4,1,2040,3,0,31,3,3,1,4,2,8837,16642,1,1,16,3,3,0,9,2,3,9,0,1,7,3,0,1
38,0,2,345,2,10,2,1,2041,1,0,100,3,2,7,4,1,5343,5982,1,0,11,3,3,1,10,1,3,10,7,1,9,3,2,2
50,1,1,878,2,1,4,1,2044,2,1,94,3,2,7,3,0,6728,14255,7,0,12,3,4,2,12,3,3,6,3,0,1,3,0,3
36,0,2,1120,2,11,4,2,2045,2,0,100,2,2,7,4,1,6652,14369,4,0,13,3,1,1,8,2,2,6,3,0,0,3,0,2
45,0,2,374,2,20,3,1,2046,4,0,50,3,2,7,3,2,4850,23333,8,0,15,3,3,0,8,3,3,5,3,0,1,2,2,2
40,0,2,1322,1,2,4,1,2048,3,1,52,2,1,6,3,2,2809,2725,2,0,14,3,4,0,8,2,3,2,2,2,2,1,1,2
35,0,1,1199,1,18,4,1,2049,3,1,80,3,2,0,3,1,5689,24594,1,1,14,3,4,2,10,2,4,10,2,0,2,3,2,1
29,0,2,1378,1,13,2,4,2053,4,1,46,2,2,2,2,1,4025,23679,4,1,13,3,1,1,10,2,3,4,3,0,3,2,2,1
29,0,2,468,1,28,4,3,2054,4,0,73,2,1,6,1,2,3785,8489,1,0,14,3,2,0,5,3,1,5,4,0,4,2,2,1
50,1,2,410,2,28,3,2,2055,4,1,39,2,3,7,1,0,10854,16586,4,1,13,3,2,1,20,3,3,3,2,2,0,2,0,3
31,0,0,325,1,5,3,3,2057,2,1,74,3,2,4,1,2,9936,3787,0,0,19,3,2,0,10,2,3,9,4,1,7,3,0,1
26,0,2,1167,2,5,3,4,2060,4,0,30,2,1,8,3,2,2966,21378,0,0,18,3,4,0,5,2,3,4,2,0,0,2,1,1
36,0,1,884,1,23,2,3,2061,3,1,41,4,2,2,4,1,2571,12290,4,0,17,3,3,1,17,3,3,5,2,0,3,2,1,2
49,0,1,1023,2,2,3,3,2065,4,1,63,2,2,7,2,1,5390,13243,2,0,14,3,4,0,17,3,2,9,6,0,8,3,2,3
34,0,2,628,1,8,3,3,2068,2,1,82,4,2,2,3,1,4404,10228,2,0,12,3,1,0,6,3,4,4,3,1,2,2,2,1
